Tweet, 'The Prince of Wales and The Duchess of Cornwall meet Prime Minister @narendramodi in New Delhi. @ClarenceHouse https://t.co/zudltzEUUn',1
Reply, '@PMOIndia @narendramodi @ClarenceHouse Hope she reprimand #India nationally &amp; internationally on #smog\xe2\x80\xa6 https://t.co/7japZ03y5P',-1
Tweet," ""Just in: Hyundai Rotem has won a Rs. 1032.94 cr contract to supply 96 coaches (32 x 3) for #Ahmedabad Metro's 39 km\xe2\x80\xa6 https://t.co/3dENQpLTWv""",1
Reply, '@TheMetroRailGuy So #Hyundai #Rotem maintains its position as biggest supplier of Metro trains in #India #Rapidtransit.',1
Tweet, '@mayurvsk @pavangite3 \xe0\xa4\xb5\xe0\xa5\x87\xe0\xa4\xa1\xe0\xa4\xbe \xe0\xa4\x95\xe0\xa5\x81\xe0\xa4\xa0\xe0\xa4\xb2\xe0\xa4\xbe ! \xe0\xa4\x9f\xe0\xa5\x8d\xe0\xa4\xb0\xe0\xa4\x82\xe0\xa4\xaa\xe0\xa4\xb5\xe0\xa5\x87\xe0\xa4\xa1\xe0\xa4\xbe ! \xe0\xa4\xa4\xe0\xa5\x81\xe0\xa4\x9d\xe0\xa4\xbe \xe0\xa4\xae\xe0\xa4\xbe\xe0\xa4\xb2\xe0\xa4\x95\xe0\xa4\x9a \xe0\xa4\xae\xe0\xa4\xb0\xe0\xa4\xbe\xe0\xa4\xa0\xe0\xa5\x80 \xe0\xa4\xae\xe0\xa4\xb0\xe0\xa4\xbe\xe0\xa4\xa0\xe0\xa5\x80 \xe0\xa4\x95\xe0\xa4\xb0\xe0\xa4\xa4 \xe0\xa4\xb0\xe0\xa5\x8b\xe0\xa4\x9c \xe0\xa4\x86\xe0\xa4\xaa\xe0\xa4\x9f\xe0\xa4\xa4\xe0\xa5\x8b\xe0\xa4\xaf . \xe0\xa4\xa4\xe0\xa4\xb0\xe0\xa5\x80 \xe0\xa4\xae\xe0\xa4\xb0\xe0\xa4\xbe\xe0\xa4\xa0\xe0\xa5\x80 \xe0\xa4\xb2\xe0\xa5\x8b\xe0\xa4\x95 \xe0\xa4\xb8\xe0\xa4\xbe\xe0\xa4\xa5 \xe0\xa4\xa6\xe0\xa5\x87\xe0\xa4\xa4 \xe0\xa4\xa8\xe0\xa4\xbe\xe0\xa4\xb9\xe0\xa5\x80\xe0\xa4\xa4 .',1
Reply, '@kvishwesh2 @pavangite3 #Trump is working for #Americans\n\nUnlike #Feku of #India \xf0\x9f\xa4\xa3\xf0\x9f\xa4\xa3\xf0\x9f\xa4\xa3\xf0\x9f\xa4\xa3\xf0\x9f\xa4\xa3\xf0\x9f\xa4\xa3',1
Tweet," 'THRILLED to see inclusion of blind children in government schools, enabled by teacher training and computer tablets\xe2\x80\xa6 https://t.co/ca7SyaQDOH'",1
Reply," '@iKabirBedi @SightsaversIN @rnmohanty Commendable, congrats to the entire team of @SightsaversIN Mr Mohanty and Mr\xe2\x80\xa6 https://t.co/VbqJavucqs'",1
Tweet," ""#Gorkhas. #Nepal's gift, #India's pride. #GorkhaRifles #200years  https://t.co/duBxuytzHJ""",1
Reply," '@mesurendernegi But today, the #tripartiteAgreement on #Gurkhas/1947 between #Nepal,#India &amp; #UK must B terminated\xe2\x80\xa6 https://t.co/x7VwRWrz4w'",-1
Tweet," ""CM @siddaramaiah and Congress doesn't want Kannadigas to see this.\n#DeMoWins https://t.co/nfkKooeqI6""",1
Reply, '@arunbtgbd @siddaramaiah When #India suffers how can #Karnataka shine\xf0\x9f\xa4\x94\xf0\x9f\xa4\x94\nMay b reporter #sanghi #Bhakt \n#DeMoWins #Demonetisation',-1
Tweet," 'All the three parties to #Jammu &amp; #Kashmir dispute, #Pakistan, #India and genuine #Kashmiri leadership should sit t\xe2\x80\xa6 https://t.co/KOHtlc0GTh'",1
Reply, '@KashmirLobby #Pakistan PM has punctured #Kashmiri stand of freedom. You have no other option but to merge with\xe2\x80\xa6 https://t.co/DRvWlKcSz5',1
Tweet, '@PMOIndia @narendramodi \xe0\xa4\xb8\xe0\xa4\xb0\xe0\xa5\x8d \xe0\xa4\xb0\xe0\xa4\xb9\xe0\xa4\xa8\xe0\xa5\x87 \xe0\xa4\xa6\xe0\xa5\x8b \xe0\xa4\xaa\xe0\xa5\x82\xe0\xa4\xb0\xe0\xa5\x87 \xe0\xa4\xac\xe0\xa4\xbe\xe0\xa4\x82\xe0\xa4\x97\xe0\xa5\x8d\xe0\xa4\xb2\xe0\xa4\xbe\xe0\xa4\xa6\xe0\xa5\x87\xe0\xa4\xb6\xe0\xa5\x80 \xe0\xa4\x87\xe0\xa4\x82\xe0\xa4\xa1\xe0\xa4\xbf\xe0\xa4\xaf\xe0\xa4\xbe \xe0\xa4\xae\xe0\xa5\x87\xe0\xa4\x82 \xe0\xa4\xb9\xe0\xa5\x8b \xe0\xa4\x86\xe0\xa4\x95\xe0\xa4\xb0 \xe0\xa4\xb0\xe0\xa4\xb9\xe0\xa4\xa8\xe0\xa5\x87 \xe0\xa4\xb2\xe0\xa4\x97\xe0\xa5\x87\xe0\xa4\x82\xe0\xa4\x97\xe0\xa5\x87 !',1
Reply," '@Ram_Jethmalani_ @PMOIndia @narendramodi @Ram_Jethmalani_ Ji, Train is from both sides (Up &amp; Down).\nJaise #Pakistan\xe2\x80\xa6 https://t.co/cCzRRDopcN'",1
Tweet, 'Do you go through this too? :P\n\n#Bewakoof #Relatable #Funny #Gag #Meme #India https://t.co/Fgl5ffPyLV',1
Reply, '@bewakoof Do you go through this too? :P\n\n\xf0\x9f\x98\x82\xf0\x9f\x98\x82\xf0\x9f\x98\x82\n#Bewakoof #Relatable #Funny #Gag #Meme #India',1
Tweet, '\xe0\xa4\x95\xe0\xa5\x81\xe0\xa4\x9b \xe0\xa4\xb8\xe0\xa4\xae\xe0\xa4\xaf \xe0\xa4\xaa\xe0\xa4\xb9\xe0\xa4\xb2\xe0\xa5\x87 \xe0\xa4\xb9\xe0\xa4\xae\xe0\xa4\xa8\xe0\xa5\x87 South Asia Satellite \xe0\xa4\x95\xe0\xa5\x87 launch \xe0\xa4\x95\xe0\xa5\x87 \xe0\xa4\xb8\xe0\xa4\xae\xe0\xa4\xaf \xe0\xa4\x87\xe0\xa4\xb8\xe0\xa5\x80 \xe0\xa4\xaa\xe0\xa5\x8d\xe0\xa4\xb0\xe0\xa4\x95\xe0\xa4\xbe\xe0\xa4\xb0 video conference \xe0\xa4\x95\xe0\xa5\x80 \xe0\xa4\xa5\xe0\xa5\x80\xe0\xa5\xa4 \xe0\xa4\xaa\xe0\xa4\xbf\xe0\xa4\x9b\xe0\xa4\xb2\xe0\xa5\x87 \xe0\xa4\xb5\xe0\xa4\xb0\xe0\xa5\x8d\xe0\xa4\xb7 \xe0\xa4\xb9\xe0\xa4\xae\xe0\xa4\xa8\xe0\xa5\x87 \xe0\xa4\xae\xe0\xa4\xbf\xe0\xa4\xb2 \xe0\xa4\x95\xe0\xa4\xb0 P\xe2\x80\xa6 https://t.co/dohfE20mkq',1
Reply, '@PMOIndia #India \xe0\xa4\x95\xe0\xa5\x8b \xe0\xa4\x86\xe0\xa4\xaa\xe0\xa4\xa8\xe0\xa5\x87 #NewIndia \xe0\xa4\xac\xe0\xa4\xa8\xe0\xa4\xbe \xe0\xa4\xa6\xe0\xa4\xbf\xe0\xa4\xaf\xe0\xa4\xbe\xf0\x9f\x91\x8c\xf0\x9f\x91\x8c\xf0\x9f\x91\x8c \xe0\xa4\x9c\xe0\xa4\xaf \xe0\xa4\xb9\xe0\xa5\x8b \xe0\xa4\xaa\xe0\xa5\x80\xe0\xa4\x8f\xe0\xa4\xae \xe0\xa4\x95\xe0\xa5\x80\xf0\x9f\x99\x8f\xf0\x9f\x99\x8f\xf0\x9f\x99\x8f\n\xf0\x9f\x98\x8a\xf0\x9f\x98\x8a\xf0\x9f\x98\x8a',1
Tweet, 'Sonia Antonia Maino married Rajiv Gandhi in 1968\nShe became an Indian citizen in only in 1983\nRahul was born in 197\xe2\x80\xa6 https://t.co/BBminiMFN5',1
Reply, '@rishibagree If left to @INCIndia #Italianmafia they will even make #ottavioquattrocchi as the prime minister of\xe2\x80\xa6 https://t.co/C5UPdkFB8m',1
Reply," 'RT @talmaeena: Blood, sweat and tears https://t.co/V52QMe4YDh #ksa #Expats  #saudi #jeddah #riyadh #asia #SriLanka #India #philippines #Pak\xe2\x80\xa6'",1
Tweet," 'Venice, Italy \xf0\x9f\x87\xae\xf0\x9f\x87\xb9 https://t.co/sHmsYWSv5r'",1
Reply," '@ThatBucketList Great. #DidYouKnow that Alappuzha, a small state in #Kerala, #India is known as the ""Venice of the East\'? #VisitKerala'",1
Tweet," 'Venice, Italy   Photo by Robert Jahns https://t.co/lyu9O9WPKD'",1
Reply," '@iLikePics_Daily Great. #DidYouKnow that Alappuzha, a small state in #Kerala, #India is known as the ""Venice of the East\'? #VisitKerala'",1
Tweet, 'Beautiful Venice evening https://t.co/ZZXweDkylS',1
Reply," '@abdulhayemehta Great. #DidYouKnow that Alappuzha, a small state in #Kerala, #India is known as the ""Venice of the East\'? #VisitKerala'",1
Tweet, 'Had a wonderful meeting with TRH The Prince of Wales and The Duchess of Cornwall last evening. We discussed ways to\xe2\x80\xa6 https://t.co/MiLOTnS2UT',1
Reply," '@narendramodi: ""Had a wonderful meeting with TRH The Prince of Wales and The Duchess of Cornwall last\xe2\x80\xa6"" #1 in #India https://t.co/dvgmVH44eH'",1
Reply," 'RT @talmaeena: Blood, sweat and tears https://t.co/V52QMe4YDh #ksa #Expats  #saudi #jeddah #riyadh #asia #SriLanka #India #philippines #Pak\xe2\x80\xa6'",1
Reply, 'Japan beats #Pakistan 3-1 in International Festival of Hockey https://t.co/1GdPZNOPq4 #sports #australia #india',1
Tweet, '@ormiga @rwac48 @vkthakur Mach 7! Thats some wallop when it touches you!',-1
Reply, '@DKCooper2 @rwac48 @vkthakur AND portable #railgun 1-2 m=imagine EVERY #india #army man w 1 such+why #navy need usa\xe2\x80\xa6 https://t.co/deoLAftaNw',1
Tweet, 'Would you mind saying sorry for note ban: Prakash Raj to PM @narendramodi https://t.co/JQRp8A7g4p https://t.co/PGycRzzqFJ',-1
Reply, '@timesofindia @narendramodi I #Love #Modi &amp; what he is doing for #India',1
Reply," 'RT @talmaeena: Blood, sweat and tears https://t.co/V52QMe4YDh #ksa #Expats  #saudi #jeddah #riyadh #asia #SriLanka #India #philippines #Pak\xe2\x80\xa6'",1
Tweet, '#Cash_\xe0\xa4\x9a\xe0\xa5\x8b\xe0\xa4\xb0_\xe0\xa4\xb8\xe0\xa4\xb0\xe0\xa4\x95\xe0\xa4\xbe\xe0\xa4\xb0 #Cash_\xe0\xa4\x9a\xe0\xa5\x8b\xe0\xa4\xb0_\xe0\xa4\xb8\xe0\xa4\xb0\xe0\xa4\x95\xe0\xa4\xbe\xe0\xa4\xb0\n#Cash_\xe0\xa4\x9a\xe0\xa5\x8b\xe0\xa4\xb0_\xe0\xa4\xb8\xe0\xa4\xb0\xe0\xa4\x95\xe0\xa4\xbe\xe0\xa4\xb0 #Cash_\xe0\xa4\x9a\xe0\xa5\x8b\xe0\xa4\xb0_\xe0\xa4\xb8\xe0\xa4\xb0\xe0\xa4\x95\xe0\xa4\xbe\xe0\xa4\xb0\n\nWho is responsible for lakhs of jobs lost due to d\xe2\x80\xa6 https://t.co/iCNXol5m18',1
Reply, '@ShabnamHashmi @ACMichael1 @Dilliwal @reachxdias @JohnDayal #noconversion in #india',1
Tweet," 'Bishop Subodh C. Mondal, President, Council of Bishops, Methodist Church in India and Bishop of Delhi Episcopal... https://t.co/J5iWtQ5oZR'",1
Reply, '@ACMichael1 #noconversion in #india',1
Tweet, 'Proud moment \xe2\x98\xba\xef\xb8\x8f\xe2\x98\xba\xef\xb8\x8f#Happy moment #National championships trophy \xf0\x9f\x99\x8f\xf0\x9f\x99\x8f\xf0\x9f\x8f\xb8\xf0\x9f\x8f\xb8 https://t.co/2OfUyBquvu',1
Reply, '@NSaina Congratulations saina #india',1
Reply," 'RT @talmaeena: Blood, sweat and tears https://t.co/V52QMe4YDh #ksa #Expats  #saudi #jeddah #riyadh #asia #SriLanka #India #philippines #Pak\xe2\x80\xa6'",1
Tweet," '#India #Dhrangadra ~ Skinned alive puppy rescued, but he\'s in immense pain: ""It\'s the worst case I have ever rescue\xe2\x80\xa6 https://t.co/4oB5NE4WVQ'",-1
Reply, '@powerofmouse @PandeyKamna #India ~ Sad news: Puppy skinned alive by a human Monster has died. \xe2\x9e\xa1\xef\xb8\x8f\xe2\x80\xa6 https://t.co/cTIa96VmOr',-1
Tweet," 'Today, I will inaugurate the three -day #Organic World Congress-2017 in Greater Noida. https://t.co/SPAQJesX5u'",1
Reply, '@RadhamohanBJP @MIB_India @PMOIndia @AgriGoI @PIB_India @DDNewsLive @worldfoodindia @BJPLive @DDKisanChannel\xe2\x80\xa6 https://t.co/Nbcm5nRcig',1
Tweet," '\xe0\xa4\xb5\xe0\xa4\xb0\xe0\xa5\x8d\xe0\xa4\xb7\xe0\xa5\x8b\xe0\xa4\x82 \xe0\xa4\xb8\xe0\xa5\x87 \xe0\xa4\xb8\xe0\xa5\x8b\xe0\xa4\x88 \xe0\xa4\xb9\xe0\xa5\x81\xe0\xa4\x88 \xe0\xa4\xb5\xe0\xa5\x8d\xe0\xa4\xaf\xe0\xa4\xb5\xe0\xa4\xb8\xe0\xa5\x8d\xe0\xa4\xa5\xe0\xa4\xbe \xe0\xa4\x95\xe0\xa5\x8b \xe0\xa4\x9c\xe0\xa4\x97\xe0\xa4\xbe\xe0\xa4\xa8\xe0\xa5\x87 \xe0\xa4\x95\xe0\xa5\x87 \xe0\xa4\xb2\xe0\xa4\xbf\xe0\xa4\x8f \xe0\xa4\xa6\xe0\xa4\xbf\xe0\xa4\xb2\xe0\xa5\x8d\xe0\xa4\xb2\xe0\xa5\x80 \xe0\xa4\xae\xe0\xa4\xb9\xe0\xa4\xbf\xe0\xa4\xb2\xe0\xa4\xbe \xe0\xa4\x86\xe0\xa4\xaf\xe0\xa5\x8b\xe0\xa4\x97 14 \xe0\xa4\xa8\xe0\xa4\xb5\xe0\xa4\x82\xe0\xa4\xac\xe0\xa4\xb0 \xe0\xa4\xa4\xe0\xa4\x95 24 * 7 \xe0\xa4\x95\xe0\xa4\xbe\xe0\xa4\xae \xe0\xa4\x95\xe0\xa4\xb0\xe0\xa5\x87\xe0\xa4\x97\xe0\xa5\x80, \xe0\xa4\xa4\xe0\xa4\xbe\xe0\xa4\x95\xe0\xa4\xbf \xe0\xa4\x89\xe0\xa4\xa8\xe0\xa4\x95\xe0\xa5\x8b \xe0\xa4\x95\xe0\xa4\xbe\xe0\xa4\xae \xe0\xa4\x95\xe0\xa4\xb0\xe0\xa4\xa4\xe0\xa4\xbe \xe0\xa4\xb9\xe0\xa5\x81\xe0\xa4\x86\xe2\x80\xa6 https://t.co/T52rPYiI9s'",1
Reply, '@Amitjanhit #IPDAC - #\xe0\xa4\x86\xe0\xa4\x82\xe0\xa4\xa4\xe0\xa4\xb0\xe0\xa4\xbf\xe0\xa4\x95_\xe0\xa4\xa6\xe0\xa4\xb2\xe0\xa5\x80\xe0\xa4\xaf_\xe0\xa4\xb2\xe0\xa5\x8b\xe0\xa4\x95\xe0\xa4\xa4\xe0\xa4\x82\xe0\xa4\xa4\xe0\xa5\x8d\xe0\xa4\xb0_\xe0\xa4\x9c\xe0\xa4\xbe\xe0\xa4\x97\xe0\xa4\xb0\xe0\xa5\x81\xe0\xa4\x95\xe0\xa4\xa4\xe0\xa4\xbe_\xe0\xa4\x85\xe0\xa4\xad\xe0\xa4\xbf\xe0\xa4\xaf\xe0\xa4\xbe\xe0\xa4\xa8\n\xe0\xa4\x9c\xe0\xa4\xa8\xe0\xa4\xa4\xe0\xa4\xbe \xe0\xa4\x95\xe0\xa5\x8b \xe0\xa4\xaa\xe0\xa4\x95\xe0\xa5\x8d\xe0\xa4\xb7-\xe0\xa4\xb5\xe0\xa4\xbf\xe0\xa4\xaa\xe0\xa4\x95\xe0\xa5\x8d\xe0\xa4\xb7 \xe0\xa4\xae\xe0\xa5\x87\xe0\xa4\x82 \xe0\xa4\x89\xe0\xa4\xb2\xe0\xa4\x9d\xe0\xa4\xbe\xe0\xa4\x95\xe0\xa4\xb0; \xe0\xa4\x9b\xe0\xa4\xb2\xe0\xa4\xbe\xe0\xa4\xb5\xe0\xa4\xbe \xe0\xa4\x95\xe0\xa4\xb0\xe0\xa4\x95\xe0\xa5\x87 \xe0\xa4\xad\xe0\xa5\x8d\xe0\xa4\xb0\xe0\xa4\xbe\xe0\xa4\xae\xe0\xa4\x95\xe0\xa4\xa4\xe0\xa4\xbe \xe0\xa4\xab\xe0\xa5\x88\xe0\xa4\xb2\xe0\xa4\xbe\xe2\x80\xa6 https://t.co/Nt6TzbnErX',1
Tweet, 'Very grateful for all the kind words and support for #Form \xe2\x98\x98\xef\xb8\x8f keep sending in the tweets.',1
Reply," '@KFallonJockey Send a few copies to #India, Kieran.'",1
Tweet," 'In youthful #India, elderly leaders still dominate the political field. My piece on #HimachalPradeshElections for\xe2\x80\xa6 https://t.co/5Bem1NkA1X'",-1
Reply," 'As two patriarchs battle it out in #HimachalElections2017, my @AFP piece on the popularity and political dominance\xe2\x80\xa6 https://t.co/qvB3rCGROW'",-1
Tweet, 'How does staying at home help avoid pollution #DelhiSmog ?\nThe air is the same all around\nNot a solution @ArvindKejriwal',1
Reply, '@sandipsabharwal @ArvindKejriwal In #india banks can burn money on NPA but no money for #AirPollution @PMOIndia',1
Tweet," 'Anant Goenka , CEAT receiving the 2017 Deming Prize today in Japan for Quality. CEAT is among the 3 companies globa\xe2\x80\xa6 https://t.co/c6covK4sBH'",1
Reply," ""@hvgoenka #MakeInIndia ??  Seriously that's proud moment  for #India &amp; when it's received in Japan, the most quality concious ppl on Earth""",1
Reply," 'RT @talmaeena: Blood, sweat and tears https://t.co/V52QMe4YDh #ksa #Expats  #saudi #jeddah #riyadh #asia #SriLanka #India #philippines #Pak\xe2\x80\xa6'",1
Tweet, 'What arguments could a person possibly have against the idea of an inclusive Indian society?! https://t.co/8mwKBvF4vr',-1
Reply, '@RuhiRizvi Check the history of this place post British era known as #India has never been Inclusive\nPeople who thi\xe2\x80\xa6 https://t.co/j278M5Ky4R',1
Tweet," 'The Prince of Wales and The Duchess of Cornwall meet PM @narendramodi last evening at Hyderabad House, New Delhi. https://t.co/qgc99xMlHY'",1
Reply, '@namo_office @narendramodi UK and #India scorecard fare for the #privatesector and implementation of standard\xe2\x80\xa6 https://t.co/XUmGz3EK62',1
Tweet," '#US to give $500,000 to promote #ReligiousFreedom in #India. Among other activities they will seek to influence\xe2\x80\xa6 https://t.co/i4yOQGvyDn'",1
Reply, 'People need to understand that the #USA for all practical purposes is a #ChristianTheocracy and this money will mos\xe2\x80\xa6 https://t.co/FTLup4jbwX',1
Tweet, '@StevePratico And may be the most common feature wud be their warmth for a stranger',1
Reply," ""@ta0i5t I always had Filipino's as the most welcoming to Westerners, or other tribes.\n\nNow that you mention it, eve\xe2\x80\xa6 https://t.co/6Hqaz4BKh7""",1
Tweet," '\xe2\x80\x98Kill one, 10 will stand up\xe2\x80\x99\nDespite unabated killings, showering bullets &amp; pellets maiming &amp; blinding children, br\xe2\x80\xa6 https://t.co/Q0QMXSXRUE'",1
Reply," ""@SuddhanSadaf30 India you can kill them,,, but you can't break them.. #Kashmir #freedom #India""",1
Tweet, '\xe0\xb6\x8a\xe0\xb6\xba\xe0\xb7\x9a \xe0\xb6\xb8\xe0\xb7\x92\xe0\xb6\xba\xe0\xb7\x94\xe0\xb6\xbb\xe0\xb7\x94 \xe0\xb6\x9a\xe0\xb6\xbd\xe0\xb7\x8a\xe0\xb6\xb4\xe0\xb6\xb1\xe0\xb7\x8f \xe0\xb6\xb6\xe0\xb6\xbd\xe0\xb6\xbd\xe0\xb7\x8f \xe0\xb6\xb8\xe0\xb6\xa7 \xe0\xb6\x9a\xe0\xb6\xad\xe0\xb7\x8f \xe0\xb6\x9a\xe0\xb6\xbb\xe0\xb6\xb4\xe0\xb7\x94 \xe0\xb7\x84\xe0\xb7\x90\xe0\xb6\xb8\xe0\xb7\x9d\xe0\xb6\xa7\xe0\xb6\xb8 \xe0\xb7\x83\xe0\xb7\x8a\xe0\xb6\xad\xe0\xb7\x96\xe0\xb6\xad\xe0\xb7\x92\xe0\xb6\xba\xe0\xb7\x92.\xe0\xb6\x85\xe0\xb6\xaf \xe0\xb6\xb8\xe0\xb6\xb8 \xe0\xb6\xaf\xe0\xb7\x99\xe0\xb6\xba\xe0\xb6\x9a\xe0\xb7\x8a \xe0\xb6\xa2\xe0\xb7\x93\xe0\xb7\x80\xe0\xb7\x92\xe0\xb6\xad\xe0\xb6\xba\xe0\xb7\x9a \xe0\xb6\xbd\xe0\xb6\xb6\xe0\xb7\x8f\xe0\xb6\x9c\xe0\xb7\x99\xe0\xb6\xb1 \xe0\xb6\xad\xe0\xb7\x92\xe0\xb6\xba\xe0\xb7\x99\xe0\xb6\xb1\xe0\xb7\x80\xe0\xb6\xb1\xe0\xb6\xb8\xe0\xb7\x8a \xe0\xb6\x92 \xe0\xb6\x86\xe0\xb6\xaf\xe0\xb6\xbb\xe0\xb6\xab\xe0\xb7\x93\xe0\xb6\xba \xe0\xb6\x94\xe0\xb6\xb6 \xe0\xb6\xb1\xe0\xb7\x92\xe0\xb7\x83\xe0\xb7\x8f.\xe0\xb7\x83\xe0\xb7\x8a\xe0\xb6\xad\xe0\xb7\x96\xe0\xb6\xad\xe0\xb7\x92\xe0\xb6\xba\xe0\xb7\x92 \xf0\x9f\x99\x8f\xe2\x80\xa6 https://t.co/Ftx8FBpVef',1
Reply, '@dinakshie1990 #CockSuckingActress #Ponnayo #BabyBump #GaySriLanka #Halloween #PregnancyIn4Words  #Masturbating\xe2\x80\xa6 https://t.co/HHDfJ4HmVZ',1
Reply," 'RT @talmaeena: Blood, sweat and tears https://t.co/V52QMe4YDh #ksa #Expats  #saudi #jeddah #riyadh #asia #SriLanka #India #philippines #Pak\xe2\x80\xa6'",1
Reply, 'Japan beats #Pakistan 3-1 in International Festival of Hockey https://t.co/1GdPZNOPq4 #sports #australia #india',-1
Reply, 'RT @manishpant22: #India more attractive than even @WorldBank #EaseOfDoingBusiness rankings suggest says noted US economist @APanagariya ht\xe2\x80\xa6',1
Reply, 'RT @SACHKAHOON: \xe0\xa4\x97\xe0\xa5\x8c\xe0\xa4\xb0\xe0\xa4\x95\xe0\xa5\x8d\xe0\xa4\xb7\xe0\xa4\xbe \xe0\xa4\x95\xe0\xa5\x8b \xe0\xa4\xac\xe0\xa4\xa8\xe0\xa4\xbe\xe0\xa4\xaf\xe0\xa4\xbe \xe0\xa4\x9c\xe0\xa4\xbe\xe0\xa4\x8f \xe0\xa4\xb8\xe0\xa4\xbe\xe0\xa4\xae\xe0\xa4\xbe\xe0\xa4\x9c\xe0\xa4\xbf\xe0\xa4\x95 \xe0\xa4\xae\xe0\xa5\x81\xe0\xa4\xa6\xe0\xa5\x8d\xe0\xa4\xa6\xe0\xa4\xbe\n#Social #Issues #Gorkha #India\nhttps://t.co/v4gMJkesNj',1
Reply," ""RT @Bellweather666: @MrShikharMisra @TealHeather Thank you. \xf0\x9f\x98\x8aHope it's been a good day for you in #INDIA today. Have a Good Night. #LOVE #S\xe2\x80\xa6""",1
Reply, 'It\xe2\x80\x99s been a year &amp; I\xe2\x80\x99m still mad at the #Modi govt for the massive fuckup that was #demonetisation:\xe2\x80\xa6 https://t.co/JkYWVhDYMr',-1
Reply, '#\xd8\xa7\xd9\x84\xd9\x81\xd9\x88\xd8\xb1\xd9\x83\xd8\xb3 #\xd1\x84\xd0\xbe\xd1\x80\xd0\xb5\xd0\xba\xd1\x81 #\xe5\xa4\x96\xe6\xb1\x87 #\xe5\xa4\x96\xe5\x8c\xaf #Forex #\xd8\xaa\xd8\xad\xd9\x84\xd9\x8a\xd9\x84_\xd9\x81\xd9\x86\xd9\x8a #\xd9\x81\xd9\x88\xd8\xb1\xd9\x83\xd8\xb3 #\xd8\xb0\xd9\x87\xd8\xa8 #\xd9\x81\xd8\xb6\xd8\xa9 #\xd8\xa7\xd9\x85\xd9\x88\xd8\xa7\xd9\x84 #\xd8\xb1\xd9\x8a\xd8\xaa\xd9\x88\xd9\x8a\xd8\xaa #bitcoin #gold #oil #china #silver #India #RETWEEET #retwit #usd',1
Reply," '#Delhi engulfed by #Smog,who cares?Stubble burning rampant.\n#AirPollution #delhipollution #India https://t.co/n04iTkuk6V'",-1
Reply," '@ArvindKejriwal I have a solution for the Delhi smog , please help me to help the nation #DelhiSmog #delhi #ArvindKejriwal #india'",1
Reply, '#delhincr #Gurugram #gurgaon #indiana #india_gram #india #gurgaondiaries #basai #road #driving\xe2\x80\xa6 https://t.co/RkZP4txDmq',1
Reply, 'Petronet LNG hits 52-week high on strong Q2 numbers https://t.co/BxPxqrBKMW #stock #tip #India',1
Tweet," '#smogindelhi is such a serious issue, its high time we become responsible towards the environment, what goes around\xe2\x80\xa6 https://t.co/2V4pHcUJnc'",-1
Reply, 'And yet no one feels crackers could be a reason ? #delhi #smogindelhi #india',-1
Tweet, '\xe0\xa4\xb5\xe0\xa4\xbf\xe0\xa4\x95\xe0\xa4\xbe\xe0\xa4\xb8 \xe0\xa4\x95\xe0\xa5\x87 \xe0\xa4\xaa\xe0\xa4\xa5 \xe0\xa4\xaa\xe0\xa4\xb0 \xe0\xa4\x85\xe0\xa4\x97\xe0\xa5\x8d\xe0\xa4\xb0\xe0\xa4\xb8\xe0\xa4\xb0 \xe0\xa4\x89\xe0\xa4\xa4\xe0\xa5\x8d\xe0\xa4\xa4\xe0\xa4\xb0\xe0\xa4\xbe\xe0\xa4\x96\xe0\xa4\x82\xe0\xa4\xa1 \xe0\xa4\x95\xe0\xa5\x87 \xe0\xa4\xa8\xe0\xa4\xbf\xe0\xa4\xb5\xe0\xa4\xbe\xe0\xa4\xb8\xe0\xa4\xbf\xe0\xa4\xaf\xe0\xa5\x8b\xe0\xa4\x82 \xe0\xa4\x95\xe0\xa5\x8b \xe0\xa4\xb0\xe0\xa4\xbe\xe0\xa4\x9c\xe0\xa5\x8d\xe0\xa4\xaf \xe0\xa4\x95\xe0\xa5\x87 \xe0\xa4\xb8\xe0\xa5\x8d\xe0\xa4\xa5\xe0\xa4\xbe\xe0\xa4\xaa\xe0\xa4\xa8\xe0\xa4\xbe \xe0\xa4\xa6\xe0\xa4\xbf\xe0\xa4\xb5\xe0\xa4\xb8 \xe0\xa4\x95\xe0\xa5\x80 \xe0\xa4\xb9\xe0\xa4\xbe\xe0\xa4\xb0\xe0\xa5\x8d\xe0\xa4\xa6\xe0\xa4\xbf\xe0\xa4\x95 \xe0\xa4\xb6\xe0\xa5\x81\xe0\xa4\xad\xe0\xa4\x95\xe0\xa4\xbe\xe0\xa4\xae\xe0\xa4\xa8\xe0\xa4\xbe\xe0\xa4\x8f\xe0\xa4\x82\xe0\xa5\xa4 On Uttarakhand Foundat\xe2\x80\xa6 https://t.co/Z6I5Q1B6x2',1
Reply, '@narendramodi You are working for all #Indians \nBut all INDIANS are not working for #India',1
Tweet, 'Looking forward to a full day of meetings with President Xi and our delegations tomorrow. THANK YOU for the beautif\xe2\x80\xa6 https://t.co/lSC21tvK3w',1
Reply," ""@realDonaldTrump @FLOTUS It's Good to see that against #China Veto power #USA Disagreed. #India like that \xf0\x9f\x91\x8f\xf0\x9f\x8d\x81\xf0\x9f\x87\xae\xf0\x9f\x87\xb3""",1
Reply," 'RT @talmaeena: Blood, sweat and tears https://t.co/V52QMe4YDh #ksa #Expats  #saudi #jeddah #riyadh #asia #SriLanka #India #philippines #Pak\xe2\x80\xa6'",1
Tweet, 'Pathetic Customer Service @VodafoneIN you seem to be partners with @IndiGo6E',-1
Reply, '@VodafoneIN @IndiGo6E Hey @vitt61 have a look at your #CS team in #India',1
Tweet, 'https://t.co/53FweeFwB6 ping @GoenkaSandeep https://t.co/XhjaucweOp',1
Reply, '@BTCTN @GoenkaSandeep Yes #India has potential to grow when we have #Masters like @GoenkaSandeep #Bitcoin #Zebpay #India #Growth #Crypto',1
Tweet, '@mesushovan Oh wow they removed the page eh?',1
Reply," '@Stupidosaur Let them remove pages, while we got to remove the cage of #BigData by removing #UID and #EVM latest by\xe2\x80\xa6 https://t.co/Ynp0TOrPYg'",1
Tweet, '@FollowHelpALPU @SuFernandes68 @mciver9acs @brendak32405 @VictoriaD6363 @WALLI27 @TaposKumarBasu @Silau25 @SAF_9999\xe2\x80\xa6 https://t.co/eAEhbFIxj2',1
Reply, '@EliLeonarda @SuFernandes68 @mciver9acs @brendak32405 @VictoriaD6363 @WALLI27 @TaposKumarBasu @Silau25 @SAF_9999\xe2\x80\xa6 https://t.co/Pp68Y2pZ7r',1
Tweet, 'Warm welcome of Sh @OfficeOfRG in Gujarat textile markets https://t.co/na091YcBXr',1
Reply, '@TajinderBagga @SickularLibtard @OfficeOfRG Kick this #GaanduGandhi out #India',-1
Tweet, 'Artist\xe2\x80\x99s impression of Chandni Chowk. https://t.co/7kqkDas2Qq',1
Reply, '@DilliKiRanaiyan Good Read...\nThe Mughal Empire: Splendor and Decadence in #Delhi \nhttps://t.co/FGf6wjJFQN\n\n#india',1
Tweet, 'A Clash of Civilizations! https://t.co/BK1AmxxYL ',-1
Reply," '@TarekFatah: ""A Clash of Civilizations! https://t.co/6RQMYOd5fp"" #1 in #India https://t.co/rpUBGIHzGk'",-1
Tweet," 'Demonetisation is a tragedy. We stand with millions of honest Indians, whose lives &amp; livelihoods were destroyed by PM\xe2\x80\x99s thoughtless act.'",1
Reply, '@OfficeOfRG Sorry Mr. #RahulGandhi but actually #Demonetisation was an terrorist attack what pol of #India suffered. https://t.co/sUBtRrhg4Y',1
Reply," 'RT @talmaeena: Blood, sweat and tears https://t.co/V52QMe4YDh #ksa #Expats  #saudi #jeddah #riyadh #asia #SriLanka #India #philippines #Pak\xe2\x80\xa6'",1
Reply, 'Japan beats #Pakistan 3-1 in International Festival of Hockey https://t.co/1GdPZNOPq4 #sports #australia #india',-1
Reply, 'RT @manishpant22: #India more attractive than even @WorldBank #EaseOfDoingBusiness rankings suggest says noted US economist @APanagariya ht\xe2\x80\xa6',1
Reply, 'RT @SACHKAHOON: \xe0\xa4\x97\xe0\xa5\x8c\xe0\xa4\xb0\xe0\xa4\x95\xe0\xa5\x8d\xe0\xa4\xb7\xe0\xa4\xbe \xe0\xa4\x95\xe0\xa5\x8b \xe0\xa4\xac\xe0\xa4\xa8\xe0\xa4\xbe\xe0\xa4\xaf\xe0\xa4\xbe \xe0\xa4\x9c\xe0\xa4\xbe\xe0\xa4\x8f \xe0\xa4\xb8\xe0\xa4\xbe\xe0\xa4\xae\xe0\xa4\xbe\xe0\xa4\x9c\xe0\xa4\xbf\xe0\xa4\x95 \xe0\xa4\xae\xe0\xa5\x81\xe0\xa4\xa6\xe0\xa5\x8d\xe0\xa4\xa6\xe0\xa4\xbe\n#Social #Issues #Gorkha #India\nhttps://t.co/v4gMJkesNj',1
Tweet, 'U r lucky if Doctor gets to c u even for a minute. In rural India no doctors no medicines  https://t.co/uwjL3T2rzl',1
Reply, '@shahid_siddiqui Rural #India always gets selective approach in all fronts and policies. To realize #NewIndia we ha\xe2\x80\xa6 https://t.co/fReyybljHW',1
Tweet," 'Now get an iPhone 7 at a down payment of just Rs.7,777 only with Airtel Postpaid. Get it today:\xc2\xa0\xe2\x80\xa6 https://t.co/Gr5F7HIaN '",1
Reply, '@airtelindia Since #72Hr @airtelindia 2G network is not available in #yavatmal #umarkhed it is #DigitalEmergency im\xe2\x80\xa6 https://t.co/ppizxakBg6',-1
Tweet," ""FBI locked out of Texas shooter's iPhone https://t.co/MY2COEYCQJ""",1
Reply, '@abcnews Send it to #India #FBI \xf0\x9f\x98\x89',1
Tweet, 'Where is everyone from?',1
Reply, '@willweinbach #Punjab #India',1
Reply," 'RT @talmaeena: Blood, sweat and tears https://t.co/V52QMe4YDh #ksa #Expats  #saudi #jeddah #riyadh #asia #SriLanka #India #philippines #Pak\xe2\x80\xa6'",1
Tweet," 'Ruins of the fort at Jhusi, Prayag, now buried in high mounds, on the eastern bank of the Ganga. In ancient times i\xe2\x80\xa6 https://t.co/zBF24wJJLi'",-1
Reply," ""@anshikashukla_ Please don't count in #archaeological survey of #India to do any #preservation or Discovery\nThey ar\xe2\x80\xa6 https://t.co/4MVmyaZjyz""",-1
Tweet, '@_AnimalAdvocate @ALDF @NonhumanRights @Protect_Wldlife @rickygervais @Lionheart0075 @AnimalDefenders @Animal_Watch\xe2\x80\xa6 https://t.co/vKverzOqQa',1
Reply, '@peteswildlife @_AnimalAdvocate @ALDF @NonhumanRights @Protect_Wldlife @rickygervais @Lionheart0075\xe2\x80\xa6 https://t.co/Kz5NiOnv0l',1
Tweet, '@tinaarcilla @LGBTQueerala @Akamai @CB_Asia Thank you for having me! It was wonderful platform to share and learn!',1
Reply," '@vinitak1 @LGBTQueerala @Akamai @CB_Asia Thank you, Vinita! @rashmivikram @fernngai and the rest of the team at\xe2\x80\xa6 https://t.co/sgQr6jvWzs'",1
Tweet, 'Congratulations to the people of Chennai on the city\xe2\x80\x99s inclusion in the @UNESCO Creative Cities Network for its ric\xe2\x80\xa6 https://t.co/hcjQakpIma',1
Reply, '@PMOIndia @UNESCO @narendramodi The benefits of your govt did not percolate to the bottom of the india and we did n\xe2\x80\xa6 https://t.co/IkeeFqLmH ',1
Tweet, 'The QLD Premier and Treasurer are now at odds on Adani. Should not have Labor sorted out its policies before it called an election?',-1
Reply," ""@mattjcan #india doesn't need our coal  They are choking on #dehlismog  1% asslickers like you don't give a rats ab\xe2\x80\xa6 https://t.co/4HEF81PDHP""",-1
Tweet, 'Waiting for the puck to drop. #TMLtalk https://t.co/yRzJq23WiP',-1
Reply, '@MapleLeafs 6am in #India #goleafsgo from the country that invented #hockey',1
Tweet," 'India: Please use local names in history books, not Hellenized or Anglicized names\n\nAchaemenid Dynasty (550-330 BCE\xe2\x80\xa6 https://t.co/k6KWLw9swq'",1
Reply," '@subhashkak1: ""India: Please use local names in history books, not Hellenized or Anglicized\xe2\x80\xa6"" #1 in #India https://t.co/cMjxDu65Dg'",1
Tweet, 'I am sick to my stomach and in tears...\n\nIndia award for burning elephant photo https://t.co/dWnAJwJD9B https://t.co/QcAtSX6WWF',-1
Reply, '@AmyRoseKathryn \xf0\x9f\x98\xa1\xf0\x9f\x98\xa1\xf0\x9f\x98\xa1\xf0\x9f\x98\xa1#india be ashamed ..',-1
Tweet, '@steph93065 @crusher614 @CarmineZozzora @ChristieC733 @carrieksada @Lrihendry @SandraTXAS @Braveheart_USA @LVNancy\xe2\x80\xa6 https://t.co/NlyzEkCSak',1
Reply, '@steph93065 @crusher614 @CarmineZozzora @ChristieC733 @carrieksada @Lrihendry @SandraTXAS @Braveheart_USA @LVNancy\xe2\x80\xa6 https://t.co/qHmyGCX1Qk',1
Tweet," 'Right now, there are 10,000 women fighting life-or-death battles against #IslamicState ISIS for the liberation of w\xe2\x80\xa6 https://t.co/rfomOtRtt0'",-1
Reply," '@ASJBaloch #Baloch bhai ! kindly protect Shia of #Balochistan , they r been killed by ur own people like flies.\xe2\x80\xa6 https://t.co/HI1LklNJVy'",-1
Tweet, 'India nun rape case: Bangladeshi man jailed for life https://t.co/lj5f7TwYIu',-1
Reply, '@BBCWorld Wtf is wrong with the men in #India? Are they wild evil beasts?',-1
Tweet, '@UberFacts https://t.co/EoCSPBrbAD',1
Reply," ""@battenscrew @UberFacts Thanks! I'm desperately trying to spread the word. More people know about it, the sooner #India will take action!""",1
Tweet, '@FriendEden100 Just logged in and I am going away for a few hours to collect my thoughts. I am truly hurt by this i\xe2\x80\xa6 https://t.co/DP0rblriBk',-1
Reply," ""@SophiaGremmel I've sent letters to see if #India could be sued for violation of the endangered species act. Apparently doing it for fun! \xf0\x9f\x98\xa2""",-1
Tweet," 'In dense smog, 10 killed in two accidents on Bathinda highway\nhttps://t.co/yi6LYwZs2v'",-1
Reply, '@IndianExpress Condolences. Need to drive slow until smog clears. Public to cooperate around Delhi highways. #India.',-1
Tweet," ""Here's the next.\nCan you guess? \n\n#Bewakoof #ShinchanTime #ShinChan #ContestAlert #India https://t.co/wJdGqUeOrU""",1
Reply, '@bewakoof SHIRO\n\n#ShinchanTime #ShinChan #Bewakoof #India\nJoin @BansalKunjkapil',1
Reply," 'RT @talmaeena: Blood, sweat and tears https://t.co/V52QMe4YDh #ksa #Expats  #saudi #jeddah #riyadh #asia #SriLanka #India #philippines #Pak\xe2\x80\xa6'",1
Reply, 'Japan beats #Pakistan 3-1 in International Festival of Hockey https://t.co/1GdPZNOPq4 #sports #australia #india',1
Reply, 'RT @manishpant22: #India more attractive than even @WorldBank #EaseOfDoingBusiness rankings suggest says noted US economist @APanagariya ht\xe2\x80\xa6',1
Reply, 'RT @SACHKAHOON: \xe0\xa4\x97\xe0\xa5\x8c\xe0\xa4\xb0\xe0\xa4\x95\xe0\xa5\x8d\xe0\xa4\xb7\xe0\xa4\xbe \xe0\xa4\x95\xe0\xa5\x8b \xe0\xa4\xac\xe0\xa4\xa8\xe0\xa4\xbe\xe0\xa4\xaf\xe0\xa4\xbe \xe0\xa4\x9c\xe0\xa4\xbe\xe0\xa4\x8f \xe0\xa4\xb8\xe0\xa4\xbe\xe0\xa4\xae\xe0\xa4\xbe\xe0\xa4\x9c\xe0\xa4\xbf\xe0\xa4\x95 \xe0\xa4\xae\xe0\xa5\x81\xe0\xa4\xa6\xe0\xa5\x8d\xe0\xa4\xa6\xe0\xa4\xbe\n#Social #Issues #Gorkha #India\nhttps://t.co/v4gMJkesNj',1
Reply," ""RT @Bellweather666: @MrShikharMisra @TealHeather Thank you. \xf0\x9f\x98\x8aHope it's been a good day for you in #INDIA today. Have a Good Night. #LOVE #S\xe2\x80\xa6""",1
Reply, 'It\xe2\x80\x99s been a year &amp; I\xe2\x80\x99m still mad at the #Modi govt for the massive fuckup that was #demonetisation:\xe2\x80\xa6 https://t.co/JkYWVhDYMr',1
Reply, '#\xd8\xa7\xd9\x84\xd9\x81\xd9\x88\xd8\xb1\xd9\x83\xd8\xb3 #\xd1\x84\xd0\xbe\xd1\x80\xd0\xb5\xd0\xba\xd1\x81 #\xe5\xa4\x96\xe6\xb1\x87 #\xe5\xa4\x96\xe5\x8c\xaf #Forex #\xd8\xaa\xd8\xad\xd9\x84\xd9\x8a\xd9\x84_\xd9\x81\xd9\x86\xd9\x8a #\xd9\x81\xd9\x88\xd8\xb1\xd9\x83\xd8\xb3 #\xd8\xb0\xd9\x87\xd8\xa8 #\xd9\x81\xd8\xb6\xd8\xa9 #\xd8\xa7\xd9\x85\xd9\x88\xd8\xa7\xd9\x84 #\xd8\xb1\xd9\x8a\xd8\xaa\xd9\x88\xd9\x8a\xd8\xaa #bitcoin #gold #oil #china #silver #India #RETWEEET #retwit #usd',1
Reply," '#Delhi engulfed by #Smog,who cares?Stubble burning rampant.\n#AirPollution #delhipollution #India https://t.co/n04iTkuk6V'",-1
Reply," '@ArvindKejriwal I have a solution for the Delhi smog , please help me to help the nation #DelhiSmog #delhi #ArvindKejriwal #india'",1
Reply, '#delhincr #Gurugram #gurgaon #indiana #india_gram #india #gurgaondiaries #basai #road #driving\xe2\x80\xa6 https://t.co/RkZP4txDmq',1
Reply, 'Petronet LNG hits 52-week high on strong Q2 numbers https://t.co/BxPxqrBKMW #stock #tip #India',1
Reply," 'HUL, Crompton Consumer, Greenply, Bombay Dyeing rally up to 6% ahead of GST Council meet https://t.co/3mhVX3IWqX #stock #tip #India'",1
Reply," '#Book Affordable #Holiday #Rentals Short #stay in #Chikmagalur Holiday #homes, #Homestay, #Serviced #Apartments,\xe2\x80\xa6 https://t.co/12HwcAGPbd'",1
Tweet," '.@narendramodi The \xf0\x9f\x93\xb8 was taken by Biplab Hazra in the Bankura district of West Bengal, India where unfortunately th\xe2\x80\xa6 https://t.co/979ufdK8sl'",1
Reply, '@anikasleem @narendramodi @SandraK93322487 @dianacmb4 @animalwelfareWW @zooinspectors @raccoon_mama @sanmarino397\xe2\x80\xa6 https://t.co/3FdUCiWSwt',1
Tweet," ""My Name Is #NawazAtta I'm d Information Secretary Of @bhrobaloch \nI Was Working 4 Safe Rocovery Of Missing Persons,\xe2\x80\xa6 https://t.co/28KDQyYyh2""",1
Reply, '@balochkhan1133 @husainhaqqani @bhrobaloch @BBCBreaking @BBCNews @AmnestyUK @UN @UNHCRUK @cnni @BBCWorld\xe2\x80\xa6 https://t.co/NGCWvxj0vR',1
Tweet, '@Rabia_Baluch @rajnathsingh @sardanarohit @MehranMarri @PeterTatchell @TarekFatah @narendramodi #indian are your fr\xe2\x80\xa6 https://t.co/xrzFFy3p4P',1
Reply, '@pinky2you1 @rajnathsingh @sardanarohit @MehranMarri @PeterTatchell @TarekFatah @narendramodi As I said I fully res\xe2\x80\xa6 https://t.co/mDPpqBrOqG',1
Tweet," 'Advani turns 90, celebrates with visually-challenged kids\n\nhttps://t.co/6ypsDzANJD'",1
Reply, '@TimesNow Happy Birthday to Veteran Leader. Shri Advani Ji ! #India.',1
Tweet, 'The Jinder Mahal experiment is over for now\xc2\xa0\xe2\x80\x93\xc2\xa0and SmackDown Live can finally move on https://t.co/Xf6flUtxKx #WWE\xe2\x80\xa6 https://t.co/i2GTYJ0yW ',1
Reply," '@AiPTcomics That ""experiment"" should have never happened, or at least so soon without any major build up. If #WWE w\xe2\x80\xa6 https://t.co/nMn4FEpqnn'",-1
Tweet, '@ta0i5t @ohheckorama @morozhnoye @yashar Theres always a few that R tolerant of cruelty. IDC if they were trying 2 keep em away. Not humane.',-1
Reply," ""@Michael32112332 @ta0i5t @morozhnoye @yashar 70% of the world's elephants are in #India. I understand poverty &amp; tha\xe2\x80\xa6 https://t.co/YXwcSJYKIu""",-1
Tweet, '#GeoEngineering #Fukushima\n\xe2\x9e\x96\xe2\x9e\x96\xe2\x9e\x96\nRisks to Pregnancy and Children from Nuclear Reactors\nhttps://t.co/UzHlspEqEY',-1
Reply, '#GeoEngineering #Fukushima\n.@ENENews 12/21/15\n\xe2\x9e\x96\xe2\x9e\x96\xe2\x9e\x96\n#India: Alarming Nuclear-Induced Human Deformities\nhttps://t.co/9wM8dOX7ZC',-1
Tweet, 'Demonetisation move has shown the sense of urgency and commitment of a decisive leadership to take bold action agai\xe2\x80\xa6 https://t.co/0IrFRlTnl7',1
Reply, '@PiyushGoyal #ParadisePapers #ParadiseLeaks #JayantSinha  #BJP #corruption #Economy #India',1
Tweet, '@MaiyaDior_ Do a baldy',1
Reply, '@fashionfinest__ chill my hair long as hell #india',1
Tweet, 'Watch: Kevin Pietersen declares \xe2\x80\x98all out war\xe2\x80\x99 on #Rhino poachers [video]. https://t.co/sU4G3qHvrD Thank you @KP24 f\xe2\x80\xa6 https://t.co/B8auDgR6ZP',1
Reply, '@Protect_Wldlife @KP24 Three #rhinos killed in 48 hours in #India\xe2\x80\x99s #Kaziranga National Park\xe2\x80\xa6 https://t.co/VLjX6hZCmu',-1
Tweet, '@pinky2you1 @rajnathsingh @sardanarohit @MehranMarri @PeterTatchell @TarekFatah @narendramodi Indian are our friend\xe2\x80\xa6 https://t.co/R5WJAMYQ0m',1
Reply, '@Rabia_Baluch @rajnathsingh @sardanarohit @MehranMarri @PeterTatchell @TarekFatah @narendramodi #indian are your fr\xe2\x80\xa6 https://t.co/xrzFFy3p4P',1
Tweet, '@allthingzap @GSCSHRM @SHRMnextchat Excited! #NextChat',1
Reply, '@tweetynu @allthingzap @GSCSHRM Hello Nupur!! #Global #India',1
Tweet," ""#Delhi residents panic as 'deadly #smog' returns https://t.co/gTvrPq5MOG #India""",-1
Reply, '@sanj971 \xf0\x9f\xa4\xa2 \xf0\x9f\xa4\xa2 \xf0\x9f\xa4\xa2 #India',1
Tweet," 'For now, there is a position in the cabinet that is Preeti vacant. #UKPolitics'",1
Reply, '@tweeter_anita Will there be a vacant position in #India ministry on #ParadisePapers #ParadiseLeaks',-1
Tweet, 'Reducing Risks in Developing Countries https://t.co/3xRwYmJLOM',1
Reply," '@Gonzalez_WBG Mainly due to a decline in the number of projects in #Brazil, #China and #India #PPPMOOC #PPPs #IMF #WTO'",1
Tweet," '\xe0\xae\x9a\xe0\xaf\x86\xe0\xae\xa9\xe0\xaf\x8d\xe0\xae\xa9\xe0\xaf\x88 \xe0\xae\xae\xe0\xae\xbe\xe0\xae\xb0\xe0\xaf\x8d\xe0\xae\x95\xe0\xae\xb4\xe0\xae\xbf \xe0\xae\x87\xe0\xae\x9a\xe0\xaf\x88 \xe0\xae\xb5\xe0\xae\xbf\xe0\xae\xb4\xe0\xae\xbe\xe0\xae\x95\xe0\xaf\x8d\xe0\xae\x95\xe0\xae\xb3\xe0\xaf\x81\xe0\xae\x95\xe0\xaf\x8d\xe0\xae\x95\xe0\xaf\x81\xe0\xae\x95\xe0\xaf\x8d \xe0\xae\x95\xe0\xae\xbf\xe0\xae\x9f\xe0\xaf\x88\xe0\xae\xa4\xe0\xaf\x8d\xe0\xae\xa4 @unesco \xe0\xae\x85\xe0\xae\x99\xe0\xaf\x8d\xe0\xae\x95\xe0\xaf\x80\xe0\xae\x95\xe0\xae\xbe\xe0\xae\xb0\xe0\xae\xae\xe0\xaf\x8d \xe0\xae\xa4\xe0\xae\x95\xe0\xaf\x81\xe0\xae\xa4\xe0\xae\xbf\xe0\xae\x95\xe0\xaf\x8d\xe0\xae\x95\xe0\xaf\x81\xe0\xae\xae\xe0\xaf\x8d, \xe0\xae\xb0\xe0\xae\x9a\xe0\xae\xa9\xe0\xaf\x88\xe0\xae\x95\xe0\xaf\x8d\xe0\xae\x95\xe0\xaf\x81\xe0\xae\xae\xe0\xaf\x8d \xe0\xae\x95\xe0\xae\xbf\xe0\xae\x9f\xe0\xaf\x88\xe0\xae\xa4\xe0\xaf\x8d\xe0\xae\xa4\xe0\xae\xa4\xe0\xaf\x81. \xe0\xae\xa4\xe0\xae\xae\xe0\xae\xbf\xe0\xae\xb4\xe0\xae\xb0\xe0\xaf\x8d \xe0\xae\xaa\xe0\xaf\x86\xe0\xae\xb0\xe0\xaf\x81\xe0\xae\xae\xe0\xaf\x88\xe0\xae\xaf\xe0\xaf\x88 \xe0\xae\xaa\xe0\xae\xbf\xe2\x80\xa6 https://t.co/6Eh4nzz4rM'",1
Reply," '@ikamalhaasan: ""\xe0\xae\x9a\xe0\xaf\x86\xe0\xae\xa9\xe0\xaf\x8d\xe0\xae\xa9\xe0\xaf\x88 \xe0\xae\xae\xe0\xae\xbe\xe0\xae\xb0\xe0\xaf\x8d\xe0\xae\x95\xe0\xae\xb4\xe0\xae\xbf \xe0\xae\x87\xe0\xae\x9a\xe0\xaf\x88 \xe0\xae\xb5\xe0\xae\xbf\xe0\xae\xb4\xe0\xae\xbe\xe0\xae\x95\xe0\xaf\x8d\xe0\xae\x95\xe0\xae\xb3\xe0\xaf\x81\xe0\xae\x95\xe0\xaf\x8d\xe0\xae\x95\xe0\xaf\x81\xe0\xae\x95\xe0\xaf\x8d \xe0\xae\x95\xe0\xae\xbf\xe0\xae\x9f\xe0\xaf\x88\xe0\xae\xa4\xe0\xaf\x8d\xe0\xae\xa4 @unesco \xe0\xae\x85\xe0\xae\x99\xe0\xaf\x8d\xe0\xae\x95\xe0\xaf\x80\xe0\xae\x95\xe0\xae\xbe\xe0\xae\xb0\xe0\xae\xae\xe0\xaf\x8d \xe0\xae\xa4\xe0\xae\x95\xe0\xaf\x81\xe0\xae\xa4\xe0\xae\xbf\xe0\xae\x95\xe0\xaf\x8d\xe0\xae\x95\xe0\xaf\x81\xe0\xae\xae\xe0\xaf\x8d, \xe0\xae\xb0\xe0\xae\x9a\xe0\xae\xa9\xe0\xaf\x88\xe0\xae\x95\xe0\xaf\x8d\xe0\xae\x95\xe0\xaf\x81\xe0\xae\xae\xe0\xaf\x8d\xe2\x80\xa6"" #1 in #India https://t.co/9GVDuGLegf'",1
Tweet, 'PM need not be an economist.\nLeaders need to know what they do not know. And who to ask.\nThey need to spot their mi\xe2\x80\xa6 https://t.co/F1EXoMt1Gk',1
Reply, '@_YogendraYadav Can we trust this team in any policy? @realDonaldTrump on his longest #asia tour and #india is not\xe2\x80\xa6 https://t.co/AuWZYJjgRk',1
Tweet, '#Riverdale season 2: Will Cheryl and Toni date? @madelainepetsch answers! \nhttps://t.co/25OkzUwhD9 https://t.co/s3ThxLa5TO',1
Reply, '@etnow @madelainepetsch Cant wait tooo watch #INDIA',1
Tweet, 'https://t.co/ENkJZGUSTg',1
Reply, '@realdepp Your the Best #Johnny sending #Love from #India \xe2\x99\xa5\xef\xb8\x8f\xf0\x9f\x91\x91\xf0\x9f\x98\x8e',1
Tweet, 'Wednesday Friendly Reminder..Do not underestimate a moment of your kindness. It has the power to change lives in wa\xe2\x80\xa6 https://t.co/r7h3vJszs9',1
Reply, '@suziday123 Soo suzi srndimg back #LOVE #SMILES #INDIA',1
Tweet, '@Bellweather666 @TealHeather Thankss soo much back too u',1
Reply," ""@MrShikharMisra @TealHeather Thank you. \xf0\x9f\x98\x8aHope it's been a good day for you in #INDIA today. Have a Good Night.\xe2\x80\xa6 https://t.co/SUAdgXdYkw""",1
Tweet, 'Shocking Accident Footage At Agra Noida Yamuna Expressway Due To #Smog. Requesting People To Drive Slowly In Such C\xe2\x80\xa6 https://t.co/XTIeWgEhTt',-1
Reply, '@SirJadeja realy shocking.  #besafe #india #bealert #india\xf0\x9f\x98\xa7',-1
Tweet, 'ANNOUNCEMENT: RUPEE team was able to complete the Code Update on Nov 8 (2 days ahead of schd). New code with Dark G\xe2\x80\xa6 https://t.co/Z3u4hy4shy',1
Reply, '@CryptoRupeeRUP Great job $rup team!!  Looking forward to the upcoming white paper and website. #cryptocurrency #rupster #rupee #india',1
Tweet, '@MrShikharMisra @jacquescoley @mirtaimperatori @VickieChandler @VelvetSkye @JohnPierceIX @GazTankMotors @TW2CayC\xe2\x80\xa6 https://t.co/Xn5QPRUwaJ',1
Reply, '@sophieleretour1 @jacquescoley @mirtaimperatori @VickieChandler @VelvetSkye @JohnPierceIX @GazTankMotors @TW2CayC\xe2\x80\xa6 https://t.co/KrmD7hdOdl',1
Tweet, '@sudrashankumaw2 @aajtak \xe0\xa4\xb8\xe0\xa4\xb0 \xe0\xa4\x85\xe0\xa4\xaa\xe0\xa4\xa8\xe0\xa5\x87 \xe0\xa4\x95\xe0\xa5\x8d\xe0\xa4\xaf\xe0\xa4\xbe \xe0\xa4\xb8\xe0\xa5\x8b\xe0\xa4\x9a\xe0\xa4\xbe \xe0\xa4\xa6\xe0\xa5\x87\xe0\xa4\xb6 \xe0\xa4\x95\xe0\xa5\x80 \xe0\xa4\xac\xe0\xa5\x87\xe0\xa4\xb0\xe0\xa5\x8b\xe0\xa4\x9c\xe0\xa4\x97\xe0\xa4\xbe\xe0\xa4\xb0\xe0\xa5\x80 \xe0\xa4\x95\xe0\xa5\x87 \xe0\xa4\xac\xe0\xa4\xbe\xe0\xa4\xb0\xe0\xa5\x87 \xe0\xa4\xae\xe0\xa5\x87\xe0\xa4\x82??',1
Reply, '@1Himanshu_kr @aajtak \xe0\xa4\x95\xe0\xa4\xbe\xe0\xa4\xb6 \xe0\xa4\xae\xe0\xa5\x87\xe0\xa4\xb0\xe0\xa5\x87 \xe0\xa4\xb8\xe0\xa5\x8b\xe0\xa4\x9a\xe0\xa4\xa8\xe0\xa5\x87 \xe0\xa4\xb8\xe0\xa5\x87 \xe0\xa4\x95\xe0\xa5\x81\xe0\xa4\x9b \xe0\xa4\xb9\xe0\xa5\x8b\xe0\xa4\xa4\xe0\xa4\xbe \xe0\xa4\x9c\xe0\xa4\xbf\xe0\xa4\xb8 \xe0\xa4\xa6\xe0\xa4\xbf\xe0\xa4\xa8 \xe0\xa4\xa6\xe0\xa5\x87\xe0\xa4\xb6 \xe0\xa4\x95\xe0\xa4\xbf \xe0\xa4\x95\xe0\xa4\xae\xe0\xa4\xbe\xe0\xa4\xa8 #\xe0\xa4\xaf\xe0\xa5\x81\xe0\xa4\xb5\xe0\xa4\xbe\xe0\xa4\x93 \xe0\xa4\x95\xe0\xa5\x87 \xe0\xa4\xb9\xe0\xa4\xbe\xe0\xa4\xa5\xe0\xa5\x8b \xe0\xa4\xae\xe0\xa5\x87 \xe0\xa4\x86\xe0\xa4\xaf\xe0\xa5\x87\xe0\xa4\x97\xe0\xa5\x80 \xe0\xa4\xa4\xe0\xa5\x8b \xe0\xa4\x8f\xe0\xa4\x95 \xe0\xa4\xa8\xe0\xa4\xaf\xe0\xa5\x87 #india \xe0\xa4\x95\xe0\xa4\xbe \xe0\xa4\xa8\xe0\xa4\xbf\xe0\xa4\xb0\xe0\xa5\x8d\xe0\xa4\xae\xe0\xa4\xbe\xe0\xa4\xa3 \xe0\xa4\xb9\xe0\xa5\x8b\xe0\xa4\x97\xe0\xa4\xbe',1
Tweet, 'Same #smog same time of the year again can we blame #Diwali ?',-1
Reply, '@sinhasandman25 This is #India https://t.co/pglXHtqmKe',1
Tweet, 'This year\xe2\x80\x99s Diwali on the Hill was an enlightening experience! I am honored to have been able to celebrate the holi\xe2\x80\xa6 https://t.co/vOyOL7Z1lJ',1
Reply, '@SanfordBishop So much for #Diwali when savages in #India set poor animals on fire. Pray for plague! https://t.co/rgduTjaxW6',-1
Tweet, 'Intra-court appeal?\xc2\xa03-judge Bench\xc2\xa0of\xc2\xa0Supreme Court\xc2\xa0recalls two orders passed by\xc2\xa0Division Bench.\nhttps://t.co/udoBIvf4jO',1
Reply, '@legaljournalist With all due respect to Constitution setup by People of #India &amp; not Politicians. #SupremeCourt &amp;\xe2\x80\xa6 https://t.co/LRFIHg2i9t',1
Tweet, '@waqyounis99 @Apassionateguy @TheRealPCB And some congratulations to Indian team or rather us also\n.\n....... For de\xe2\x80\xa6 https://t.co/tKZUiflrJy',1
Reply, '@Sanjesh786 @waqyounis99 @Apassionateguy @TheRealPCB Yes yes beta #india jeta bap #Pakistan number 1 ban gia.\xf0\x9f\x98\x81\xf0\x9f\x98\x81',1
Tweet," '#DeMo1\nWith 99% of demonetised notes back in system, has @BJP4india lost track on economy?\n#TTP @anjanaomkashyap:\xe2\x80\xa6 https://t.co/b4cYbbMfDY'",-1
Reply," ""@IndiaToday @BJP4India @anjanaomkashyap #BJP4Gujarat #bjpmission420 is neither people's nor #SupremeCourt concern.\xe2\x80\xa6 https://t.co/3fdPI0fTMv""",-1
Tweet, 'Dear Sisters \xf0\x9f\x91\x87\xf0\x9f\xa4\xa3\xf0\x9f\xa4\xa3 https://t.co/i2bfZFoCkw',1
Reply," ""@GitaSKapoor \xf0\x9f\x98\x80\xf0\x9f\x98\x80\xf0\x9f\x98\x80\n\nNow @IndiGo6E is new Munnabhai of modern #India\n\nEvery one is giving them 'Supaari'. Below is one\xe2\x80\xa6 https://t.co/pgjyYtsmox""",1
Tweet," 'Demonetisation: Antidote to corruption, benefits are clearer than ever, writes @rsprasad \nhttps://t.co/gsVpM6kGU2 v\xe2\x80\xa6 https://t.co/zK7NYISVyo'",1
Reply, '@narendramodi_in @rsprasad @_DigitalIndia leads to less corruption &amp; a stronger #KnowledgeEconomy. We offer to make\xe2\x80\xa6 https://t.co/HybEFGKTEE',1
Tweet, 'The people who did this to an innocent calf and its mother have a special place reserved for them in hell. This pho\xe2\x80\xa6 https://t.co/BnqCPtQxGo',1
Reply, '@yashar #worldwide #Travelban on #india No more #tourism to #India @AnimalPlanet @TwitterIndia #animal #rights DEMAND',1
Reply," 'RT @talmaeena: Blood, sweat and tears https://t.co/V52QMe4YDh #ksa #Expats  #saudi #jeddah #riyadh #asia #SriLanka #India #philippines #Pak\xe2\x80\xa6'",1
Tweet," 'Do nothing for 3 weeks, sack whistle-blower, &amp; put perfunctory apology when exposed.\nIndigo is not a low-cost airline.\nJust a cheap airline.'",-1
Reply," ""@rameshsrivats It's very high time that we must now let go @IndiGo6E from the #India #Aviation business""",-1
Tweet, '#OneYearOfDemonetisation Tell us how this decision affected you as a #Consumer',-1
Reply," '@Consumers_India Changed life to #DigitalIndia for better. Dhobi, maids, cooks, grossary, vegetable etc all vendors\xe2\x80\xa6 https://t.co/q3xlNKUW2p'",-1
Tweet, '@yashar holy shit... are the elephants ok?!?!? WHAT IS THAT',-1
Reply, '@ejoyce335 @yashar The most #uneducated place on Earth  @TwitterIndia @RailMinIndia @PIB_India  #India HELL on\xe2\x80\xa6 https://t.co/9biDy6rFCe',1
Tweet, 'Shocking photo shows mother and baby elephant running for their lives after being set on FIRE by an angry mob https://t.co/lz3I5kI6LE',-1
Reply, '@MailOnline OMG!! One minute you make animal your #god then next minute you set them on #fire . confused nation #India',-1
Tweet, 'Bravo https://t.co/3UQK7tqMl9',1
Reply," ""@quizderek We did this last to mourn and protest against death of #India's daughter Nirbhaya. India has also launch\xe2\x80\xa6 https://t.co/ZZEkYyNw2j""",-1
Tweet, '\xf0\x9f\x8f\x8f\n2 Teams \n11 Players each\nCoin Toss\nTeam 1 Bats 1st\n2 Batters at a time\n1 Ball\nTeam 2 bowl to Batters\nBatters try\xe2\x80\xa6 https://t.co/DGNkE2DRO ',1
Reply, '@usacricket @ICC @Twitter @dcfcricket @Omancricket @HomeOfCricket @TwitterSports @ESPNcricinfo @CricketAus\xe2\x80\xa6 https://t.co/qHw5CUJxpd',1
Tweet," 'My heart is so heavy. Between Corey Haim, all the victims in Hollywood, Sutherland Springs and Las Vegas. Dark times.'",-1
Reply, 'and of course those poor burning elephants in India. #India',1
Tweet, 'I nominate #DrashtiDhami for #100MostBeautifulFaces2017 from #India @tccandler #100MostBeautifulFaces2017 https://t.co/0mZrbRFhK0',1
Reply, '@KSRILAKSHMI4 @tccandler I  vote \xf0\x9f\x8c\xb9#DrashtiDhami \xe2\xad\x90\xef\xb8\x8ffor #100MostBeautifulFaces2017 from #India @tccandler https://t.co/k5I1Tl9mNU',1
Tweet," '@_asmalltowngirl same. Thanks, Shivani 2/2'",1
Reply," '@Airtel_Presence Hi Shivani, after Susmita, so far I have spoken to Prerna &amp; Prajesh. Even the resent, revised bill\xe2\x80\xa6 https://t.co/TlFckpVQVi'",1
Tweet," 'Indian PM Modi speaks to President over Petrol Crisis, Indian ship with 21000 kl of Petrol left for Sri Lanka Today https://t.co/g9izCPp9K '",1
Reply," '@AzzamAmeen Oh, I think I have an idea who might be behind this petrol crisis \xf0\x9f\x98\x86 #India'",-1
Tweet, 'Kirana stores (convenience stores) &amp; small retailers hold key to adoption of #digitalpayments in #India: @IndiaCDFI\xe2\x80\xa6 https://t.co/6vXLZ9MzKQ',1
Reply, '@BetterThan_Cash @IndiaCDFI @livemint #FinanceMinisters to helping solve #SMEs through #PublicFinance by\xe2\x80\xa6 https://t.co/Ur1LIIGzX ',1
Reply," 'RT @talmaeena: Blood, sweat and tears https://t.co/V52QMe4YDh #ksa #Expats  #saudi #jeddah #riyadh #asia #SriLanka #India #philippines #Pak\xe2\x80\xa6'",1
Tweet," ""@alisipl @suhasinih Ignorance is bliss, isn't it ? https://t.co/b2L9Ywhf02""",-1
Reply," ""@SVRzzzzz @suhasinih Of it's a bliss you know it and still are ignorant\nIf #India was so capable it should have rem\xe2\x80\xa6 https://t.co/tcFfpAYmJy""",-1
Tweet," ""Attending #COP23 side event - 'Making the #ParisAgreement Work - Engancing the #Transparency of actions &amp; place of\xe2\x80\xa6 https://t.co/TEIfnikltF""",1
Reply, 'Mr. Ajay Jha from #India speaking on #ClimateFinance and Transparency in #Asia ..\n\n#Cecoedecon #Pairvi\xe2\x80\xa6 https://t.co/23VoFBVhFp',1
Tweet," ""Let's get started with what will be our first #CommChat with 280 @Twitter characters to work with. Here's our icebr\xe2\x80\xa6 https://t.co/lkr5BGXPFY""",1
Reply," '@IABC @Twitter Am from #Mumbai, #India and u must #follow me only :) haha....'",1
Tweet, '#Glorious https://t.co/B1SwUyQiP8',1
Reply, '@REALBobbyRoode @WWE oo\xf0\x9f\x98\xae\xf0\x9f\x98\xaevery nice to see #cena in s. series. and thanks @shanemcmahon ji. @JohnCena is the greates\xe2\x80\xa6 https://t.co/aF3PJha6Ko',1
Tweet, '@desi_cows @naveen11942854 @BJP4India @narendramodi Arvind Kejriwal.',1
Reply," ""@sandymastu @naveen11942854 @BJP4India @narendramodi Oh no #india cannot sleep tonite, grrrrr,wind muffler'wall' PM\xe2\x80\xa6 https://t.co/ePftD9l4IG""",-1
Tweet, '\xe0\xa4\xb9\xe0\xa4\xbe\xe0\xa4\x81 \xe0\xa4\xa4\xe0\xa4\xad\xe0\xa5\x80 \xe0\xa4\xb8\xe0\xa4\xa1\xe0\xa4\xbc \xe0\xa4\x9c\xe0\xa5\x80 \xe0\xa4\xa8\xe0\xa5\x87 \xe0\xa4\x97\xe0\xa5\x8b\xe0\xa4\xb5\xe0\xa4\xbe \xe0\xa4\x94\xe0\xa4\xb0 \xe0\xa4\xaa\xe0\xa4\x82\xe0\xa4\x9c\xe0\xa4\xbe\xe0\xa4\xac \xe0\xa4\xad\xe0\xa5\x80 \xe0\xa4\x96\xe0\xa5\x8b \xe0\xa4\xa6\xe0\xa4\xbf\xe0\xa4\xaf\xe0\xa4\xbe \xf0\x9f\x98\x82\xf0\x9f\x98\x82#AntyBlackMoneyDay #DemonetisationAnniversary https://t.co/HgH6DUHUgR',1
Reply, '@pooja303singh @VictoryForNamo \xe0\xa4\x85\xe0\xa4\xac\xe0\xa5\x87 #\xe0\xa4\x95\xe0\xa4\xbe\xe0\xa4\xb2\xe0\xa5\x81\xe0\xa4\xa4\xe0\xa5\x8b\xe0\xa4\xb7 #India \xe0\xa4\x94\xe0\xa4\xb0 #\xe0\xa4\xad\xe0\xa4\xbe\xe0\xa4\xb0\xe0\xa4\xa4 \xe0\xa4\x8f\xe0\xa4\x95 \xe0\xa4\xb9\xe0\xa5\x80 \xe0\xa4\xb9\xe0\xa5\x88 .....\xe0\xa4\xa5\xe0\xa5\x8b\xe0\xa4\xa1\xe0\xa4\xbc\xe0\xa4\xbe \xe0\xa4\xa6\xe0\xa4\xbf\xe0\xa4\xae\xe0\xa4\xbe\xe0\xa4\x97 \xe0\xa4\xad\xe0\xa5\x80 \xe0\xa4\xb2\xe0\xa4\x97\xe0\xa4\xbe\xe0\xa4\xaf\xe0\xa4\xbe \xe0\xa4\x95\xe0\xa4\xb0....\xe0\xa4\xac\xe0\xa4\xb8 #\xe0\xa4\xad\xe0\xa5\x8c\xe0\xa4\x82\xe0\xa4\x95\xe0\xa4\xa4\xe0\xa5\x87 \xe0\xa4\xae\xe0\xa4\xa4 \xe0\xa4\xb0\xe0\xa4\xb9\xe0\xa4\xa8\xe0\xa4\xbe...',1
Tweet, 'Remembered this one by @MANJULtoons https://t.co/xRa0HkrUgl',1
Reply, '@porinju @MANJULtoons Sir do you realise #Chinese imports grew 23% thanks to #demonitisation which criplled small i\xe2\x80\xa6 https://t.co/T9edlbLWhF',1
Tweet," 'Apology was offered. But, something more should have been done: Jitendra Bhargava, Former Executive Director of Air\xe2\x80\xa6 https://t.co/GHj5jlkSrL'",-1
Reply, '@TimesNow Nothing more will ever be done in #India where govt &amp; big corporate houses are always hand in glove &amp; cit\xe2\x80\xa6 https://t.co/TeRclSiMYM',1
Tweet, '@MailOnline where is the international condemnation of this act...nowhere because politicians are too bothered abou\xe2\x80\xa6 https://t.co/gNUd3KEtZu',-1
Reply, '@ADogcalledDex @MailOnline @IndiaTodayMoney @IndiaTodayFLASH @indiatimes #ban #Travel to #India #ignorant #animal C\xe2\x80\xa6 https://t.co/yboeOm42DH',1
Tweet," 'By investing in R&amp;D, I know we can discover new innovations that will help wipe tuberculosis off the map:\xe2\x80\xa6 https://t.co/DWrboyg3Nn'",1
Reply, '@BillGates We have to struggle to make that real ! Free world from tuberculosis ! #india must be the first to benefit from this innovation',1
Tweet, '#DeMoTakkar #Demonetisation: Pass or fail?\nhttps://t.co/MqP9608s82 \n#NEWSROOM https://t.co/hDPSnXA3VL',1
Reply," ""@IndiaToday Can't understand Y @INCIndia @OfficeOfRG &amp; other opposition who feel #Demonetisation #Noteban has destr\xe2\x80\xa6 https://t.co/tScvXJpFfT""",-1
Tweet," '@meghasamp01 please follow traffic rules!\n\n""\xe0\xa4\xaf\xe0\xa4\xbe\xe0\xa4\xa6 \xe0\xa4\xb0\xe0\xa4\x96\xe0\xa4\xbf\xe0\xa4\x8f, \xe0\xa4\x98\xe0\xa4\xb0\xe0\xa4\xaa\xe0\xa5\x87 \xe0\xa4\x86\xe0\xa4\xaa\xe0\xa4\x95\xe0\xa4\xbe \xe0\xa4\x95\xe0\xa5\x8b\xe0\xa4\x88 \xe0\xa4\x87\xe0\xa4\x82\xe0\xa4\xa4\xe0\xa4\x9c\xe0\xa4\xbe\xe0\xa4\xb0 \xe0\xa4\x95\xe0\xa4\xb0 \xe0\xa4\xb0\xe0\xa4\xb9\xe0\xa4\xbe \xe0\xa4\xb9\xe0\xa5\x88""\n~ \xe0\xa4\xad\xe0\xa4\xbe\xe0\xa4\xb0\xe0\xa4\xa4 \xe0\xa4\xae\xe0\xa4\xbe\xe0\xa4\xb0\xe0\xa5\x8d\xe0\xa4\x97 \xe0\xa4\xaa\xe0\xa4\xb0\xe0\xa4\xbf\xe0\xa4\xb5\xe0\xa4\xb9\xe0\xa4\xa8'",1
Reply, '@NishantTTC Follow Govt rules well! \xf0\x9f\x98\x8a\n\nBecome next PM of #India \xf0\x9f\x98\x89',1
Tweet, '@MailOnline What is wrong with human beings \xf0\x9f\x98\xa1',-1
Reply, '@maxosiebella @MailOnline Ignorant pure ignorance #ban #travel to #India #Support #Elephants @AnimalPlanet  No\xe2\x80\xa6 https://t.co/qy9grLSiiW',-1
Tweet," ""@wakojoel @realDonaldTrump That's good, let them also contribute the dollars  Us was giving for climate change""",1
Reply, '@ATweheyo @realDonaldTrump Am sure the rest of the world will contribute handsomely especially #China and #India. T\xe2\x80\xa6 https://t.co/mXBrJ1aRXY',1
Reply," 'RT @talmaeena: Blood, sweat and tears https://t.co/V52QMe4YDh #ksa #Expats  #saudi #jeddah #riyadh #asia #SriLanka #India #philippines #Pak\xe2\x80\xa6'",1
Reply, 'Japan beats #Pakistan 3-1 in International Festival of Hockey https://t.co/1GdPZNOPq4 #sports #australia #india',1
Tweet, 'Met Advani Ji and conveyed birthday greetings to him. https://t.co/FzooOJHo6G',1
Reply," '@narendramodi: ""Met Advani Ji and conveyed birthday greetings to him. https://t.co/vgqAHXxXoK"" #1 in #India https://t.co/9g8VfYUCXo'",1
Tweet," ""If you play cricket or enjoy watching the sport, you're probably interested in learning.\nTo fulfill your cricketing\xe2\x80\xa6 https://t.co/mec16B2cH8""",1
Reply, '@IJPLTH #IJPLTalentHunt shall i join or register myself from #RJ_Roarers team as i belong to Pakistan?\xf0\x9f\x98\x89 Always love\xe2\x80\xa6 https://t.co/IXSlnXqtLX',1
Tweet, 'Shocking photo shows mother and baby elephant running for their lives after being set on FIRE by an angry mob https://t.co/lIu6h8oYLQ',-1
Reply, '@MailOnline Heartbreaking Disturbing #ignorance #Ban #travel to #India They brag  #billionaires yet No feed the kid\xe2\x80\xa6 https://t.co/eenTSj3YzX',-1
Reply," 'RT @talmaeena: Blood, sweat and tears https://t.co/V52QMe4YDh #ksa #Expats  #saudi #jeddah #riyadh #asia #SriLanka #India #philippines #Pak\xe2\x80\xa6'",1
Reply, 'Japan beats #Pakistan 3-1 in International Festival of Hockey https://t.co/1GdPZNOPq4 #sports #australia #india',1
Tweet, '@ShashiTharoor @OfficeOfRG @PChidambaram_IN @INCIndia @AnandSharmaINC @ManishTewari @rssurjewala @DrAMSinghvi\xe2\x80\xa6 https://t.co/LJ9BZT0iZ7',1
Reply, '@ShashiTharoor @OfficeOfRG @PChidambaram_IN @INCIndia @AnandSharmaINC @ManishTewari @rssurjewala @DrAMSinghvi\xe2\x80\xa6 https://t.co/G2kEPrtoVG',1
Tweet, 'On a Day when as Parents we are concerned about our Kids Safety&amp;Security in Schools&amp;Colleges all over #India&amp;demand\xe2\x80\xa6 https://t.co/8wfxeJb21 ',1
Reply, '@rssurjewala @JhaSanjay @OfficeOfRG @INCIndia LessTVTime shows whole of #India doesnt stand by your Misleading&amp;Gibb\xe2\x80\xa6 https://t.co/SdvEFFCYXG',-1
Tweet," '.@dhume, Resident Fellow, American Enterprise Institute: This was an economically destructive move. #OneYearOfDeMo https://t.co/DaCZ0sh5yY'",-1
Reply, '@MirrorNow @dhume #OneYearOfDeMo Yes. There is all evidence to confirm this as with every business in #India of\xe2\x80\xa6 https://t.co/xera9cpGM3',-1
Tweet," 'With evolving Pak-Iran relations, Chahbahar should be included in CPEC, complementing Gwadar. It would be a masterstroke of Realpolitik'",1
Reply," '@Saad__tweets After making several commitments with #Iran, now #India has started dragging feet under #US pressure\xe2\x80\xa6 https://t.co/WZhDDKT9nJ'",1
Tweet, '@maype7 @komaritski @Jo21348 @AthenaSakorafos @remember_nagi @LO2BSH @AracelisTorre19 @Lorebl034 @sahouraty1\xe2\x80\xa6 https://t.co/qnThiARyMa',1
Reply, '@maype7 @komaritski @Jo21348 @AthenaSakorafos @remember_nagi @LO2BSH @AracelisTorre19 @Lorebl034 @sahouraty1\xe2\x80\xa6 https://t.co/FsG92978jQ',1
Tweet," ""Happy Birthday @BrettLee_58 ! You've always been an inspiration for me. Wishing you a great year ahead.\xf0\x9f\x98\x8a""",1
Reply," '@Jaspritbumrah93 @BrettLee_58 #HappyBirthdayBrettLee from #India, hope you continue to entertain us on commentary a\xe2\x80\xa6 https://t.co/aOoRTFvuJT'",1
Tweet, '#DemonetisationAnniversary | #Notesban: A hit or a miss? Arun Kumar on @LRC_NDTV https://t.co/TypzlsvsGZ',1
Reply," '@ndtv @LRC_NDTV By this time, all politicians, economists, media&amp; othrs have given their opinion on #Demonetisation\xe2\x80\xa6 https://t.co/lsl5IutUqc'",1
Tweet, 'BBC News - India award for burning elephant photo https://t.co/BeqJZ4qp8V',1
Reply," '#India, be better than this, do better than this.'",1
Tweet, '@pc_aitc @tmcforindia @LahiriSupratim @abarTMC @GargaC @ShubhamTrinamul @sukla_manudeep @Jayantasengoptu @Souravert\xe2\x80\xa6 https://t.co/eglk5wuxXX',1
Reply, '@pc_aitc @tmcforindia @LahiriSupratim @abarTMC @GargaC @ShubhamTrinamul @sukla_manudeep @Jayantasengoptu @Souravert\xe2\x80\xa6 https://t.co/N4entUiJKu',1
Tweet, 'Such a proud feeling to represent India at @MissWorldLtd \n#MissWorld2017 #MW2017 #ManushiChhillar https://t.co/ac4m4aqd7y',1
Reply," '@MissWorldIndia @feminamissindia @MissWorldLtd All The best , Make #India Proud #MissWorld2017 #MW2017'",1
Tweet," 'Apparently, ENT surgeons have a short-medium term plan of hijacking thyroidectomies from general surgery.'",-1
Reply, '@AdeTimi_ Already happening in #India\n\nSend SNT/MNG to ENT for DL and end up never hearing back from them. On follo\xe2\x80\xa6 https://t.co/Q2d1qXsVFI',-1
Tweet, 'Emergency meeting on Pollution with @ArvindKejriwal .\xc2\xa0Measures approved include ban on entry of trucks(except carry\xe2\x80\xa6 https://t.co/GfjGICQebi',-1
Reply, '@LtGovDelhi @nishasingh @ArvindKejriwal Sir there were proposals on community air purifiers and Wts wrong with odd\xe2\x80\xa6 https://t.co/iXaNaEinbQ',1
Tweet, '\xf0\x9f\x98\x8dOMG yes \n#India https://t.co/ZzW259eaGx',1
Reply, '@thewannabegypsy Been on my list FOREVER! #travel #India',1
Tweet," ""We're saving up for #Hawaii this #wanderlustwednesday! We all want to #travel EVERYWHERE but where is your next buc\xe2\x80\xa6 https://t.co/L3sNeP75tc""",1
Reply, '@thewannabegypsy @TouringTastebud @RoadtripC @TravelAtWill @AWorldWithYou_ @tripgourmets @HHLifestyleTrav\xe2\x80\xa6 https://t.co/oStzchR7vC',1
Tweet, 'India\xe2\x80\x99s Solar Energy Ambitions: Boom or Bubble? https://t.co/pOkNVurzz4 #solarenergy #solarpower https://t.co/zH6xIw6iqG',1
Reply, '@solarcollab $WSTI #SolarMill #Wind &amp; #Solar made in #India',1
Tweet, 'My office continuously trying to take time from CMs of Punjab n Haryana for me to meet the two CMs. Its an emergency',1
Reply," ""@ArvindKejriwal You office and you we're sleeping for last 2 years?  Or did you not get appointment in 2 years?#India #indian #Politics""",-1
Tweet, '@Aitreyan001 @JulianAssange P-800 is a clone of Brahmos\nyes',1
Reply, '@AWAKEALERT @JulianAssange Brahmos is clone of P-800 but P-800 seeker is Russian where as Brahmos is Indian .....Ev\xe2\x80\xa6 https://t.co/9sSIEwjyON',1
Tweet, 'Most US economist say 40 years...\nhttps://t.co/oKWxic5Lv8 \n1975-2017\nhttps://t.co/7faIXZDPLP\nand most #Americans do\xe2\x80\xa6 https://t.co/Uj7x3LGc3g',1
Reply, '#FunnyPart\nYoung #Americans bitch about #GlobalWarming and #AmericaNeedsToBeCleaner while they thumb the shit out o\xe2\x80\xa6 https://t.co/gwtjeadNBR',-1
Tweet," 'Here are the benefits of demonetisation, encapsulated in this short film. Have a look. #AntiBlackMoneyDay https://t.co/rPmGUYnTzI'",1
Reply, '@narendramodi So why our media is continuously trying to show that demonetisation is failed #media #India #Developement #NarendraModi',-1
Reply," 'RT @talmaeena: Blood, sweat and tears https://t.co/V52QMe4YDh #ksa #Expats  #saudi #jeddah #riyadh #asia #SriLanka #India #philippines #Pak\xe2\x80\xa6'",1
Reply, 'Japan beats #Pakistan 3-1 in International Festival of Hockey https://t.co/1GdPZNOPq4 #sports #australia #india',1
Tweet," 'Dr Charanjit Atwal, Chief Patron of forum of SC and ST Legislators &amp; Parliamentarians, along with others, called on\xe2\x80\xa6 https://t.co/Bi562HzAOU'",1
Reply, '@rashtrapatibhvn Half sleeve shirt \xf0\x9f\x91\x9a Round neck coat with Leather jacket #AllInOne it happens only in #India',1
Tweet," ""Peace... Social progress... Gender equality... Human dignity... Climate action...\n\n26 @UN agencies delivering as 'o\xe2\x80\xa6 https://t.co/P0R10RGZtF""",1
Reply, '@UNinIndia @UN @unwomenindia @UNICEFIndia @UNFPAIndia @ILONewDelhi @WFP_AsiaPacific @UNDP_India @UNESCO_MGIEP\xe2\x80\xa6 https://t.co/KOIYzRP4aU',1
Tweet, '\xf0\x9f\x87\xb7\xf0\x9f\x87\xbaRUS\n\xf0\x9f\x87\xa7\xf0\x9f\x87\xb7BRA\n\xf0\x9f\x87\xae\xf0\x9f\x87\xb7IRN\n\xf0\x9f\x87\xaf\xf0\x9f\x87\xb5JPN\n\xf0\x9f\x87\xb2\xf0\x9f\x87\xbdMEX\n\xf0\x9f\x87\xa7\xf0\x9f\x87\xaaBEL\n\xf0\x9f\x87\xb0\xf0\x9f\x87\xb7KOR\n\xf0\x9f\x87\xb8\xf0\x9f\x87\xa6KSA\n\xf0\x9f\x87\xa9\xf0\x9f\x87\xaaGER\n\xf0\x9f\xa6\x81ENG\n\xf0\x9f\x87\xaa\xf0\x9f\x87\xb8ESP\n\xf0\x9f\x87\xb3\xf0\x9f\x87\xacNGA\n\xf0\x9f\x87\xa8\xf0\x9f\x87\xb7CRC\n\xf0\x9f\x87\xb5\xf0\x9f\x87\xb1POL\n\xf0\x9f\x87\xaa\xf0\x9f\x87\xacEGY\n\xf0\x9f\x87\xae\xf0\x9f\x87\xb8ISL\n\xf0\x9f\x87\xb7\xf0\x9f\x87\xb8SRB\n\xf0\x9f\x87\xab\xf0\x9f\x87\xb7FRA\n\xf0\x9f\x87\xb5\xf0\x9f\x87\xb9POR\n\xf0\x9f\x87\xa6\xf0\x9f\x87\xb7\xe2\x80\xa6 https://t.co/wke4Dy2uQA',1
Reply, '@FIFAWorldCup Best of luck to all d teams from #India',1
Tweet, '@HELLO_Pak Why is Katrina playing a spy from Pakistan the writer needs to do his homework stop fooling people in th\xe2\x80\xa6 https://t.co/gWF7f24OAw',-1
Reply, '@mshaanshahid @HELLO_Pak Because #india can make her spy to work against Pakistan only in the movies..... Caz abi g\xe2\x80\xa6 https://t.co/5RqihF4nDW',-1
Reply," 'RT @talmaeena: Blood, sweat and tears https://t.co/V52QMe4YDh #ksa #Expats  #saudi #jeddah #riyadh #asia #SriLanka #India #philippines #Pak\xe2\x80\xa6'",1
Tweet, '@IndiGo6E  - We beat Passengers.Our Policy\n@jetairways  - We beat competitors not Passengers.\n@airindiain  - We get\xe2\x80\xa6 https://t.co/ISzjIcQRhI',-1
Reply, '@HarishK04131926 @garuna73 @IndiGo6E @jetairways @airindiain @goairlinesindia @airvistara @kingfisherworld Dats bec\xe2\x80\xa6 https://t.co/ZkWiC3SCDL',1
Tweet," 'MEA: ""Strongly condemn missile attack ""reportedly"" targeting the Riyadh airport.\xe2\x80\x9c Is India playing safe or taking s\xe2\x80\xa6 https://t.co/XiA1CNhgrE'",-1
Reply, '@suhasinih No #India is just following the command of its #Master #USA.\nLicking right left and center',-1
Tweet, 'A relationship marked by mutual respect and strong bonds of friendship. PM @narendramodi welcomed Their Royal Highn\xe2\x80\xa6 https://t.co/DOJC2iAQgl',1
Reply," '@MEAIndia @narendramodi Why so many royal visits to #India off late? First Bhutanese, then Belgians and now #British...... #JustAsking'",1
Tweet, '@TheDLCC @ElectManka Blue wall!',1
Reply, '@1IronMan2017 @2HawkEye2018 @TheDLCC @ElectManka Is it true ??--- #Donaldtrump removed #Indians from # NASA..??????\xe2\x80\xa6 https://t.co/Z8mpDPnlym',-1
Tweet," ""@DipperMc @TotemAnon @gavreilly It's a slap in the face for the brave Irishmen who fought Fascism and Hitler, and w\xe2\x80\xa6 https://t.co/JBeXr2ijwp""",-1
Reply, '@S1R1USme @TotemAnon @gavreilly Do you know anything about the British empire?  They invented concentration camps?\xe2\x80\xa6 https://t.co/8B6Ff6r8rS',1
Tweet, '@IbnKhayyam @alisipl @john_pether There is no independence on there',-1
Reply," ""@hassan_113 @IbnKhayyam @john_pether That's why I believe # Pakistan is no different than #India in all aspects esp\xe2\x80\xa6 https://t.co/CQftOyOTqS""",-1
Tweet, '@BernieLBJ12 @CJFinNM This practice is perfectly normal for those savages. #India',1
Reply, '@BourbonCurio @BernieLBJ12 Like there are savages in the #USA there are savages in #India.',1
Tweet, '@CJFinNM OMG HOW HORRID! An INHUMANE \xf0\x9f\x98\xa1\xf0\x9f\x98\xa4\xf0\x9f\x98\xaa\xf0\x9f\x98\xaa hope these ppl are arrested an perhaps hav same shit done to them! Jus SO\xe2\x80\xa6 https://t.co/DaGtMqH8eA',-1
Reply, '@BernieLBJ12 @CJFinNM This practice is perfectly normal for those savages. #India',-1
Tweet," '@PeterAnisha @fayedsouza @PMOIndia @narendramodi_in Faye, I need you 2 debate on Protection Law &amp; Follow Up 4 those\xe2\x80\xa6 https://t.co/uZ0rATUHCw'",1
Reply," '@PeterAnisha @fayedsouza @PMOIndia @narendramodi_in @narendramodi_in, \nPlease Convey Message 2 Modi Sarkar 2 Act on\xe2\x80\xa6 https://t.co/RlSFUvBX3C'",1
Tweet," 'With #Demonetisation govt got citizens\xe2\x80\x99 cash, now the govt can access all bank accounts &amp; mobiles with #Aadhaar lin\xe2\x80\xa6 https://t.co/ESgzKEs9ph'",1
Reply, 'Modern civilisation founded on \xe2\x80\x9cinnocent unless proven guilty\xe2\x80\x9d. #Demonetisation reversed that underlying principle\xe2\x80\xa6 https://t.co/3EKyQbdGwp',-1
Tweet, 'Historic. One year ago. Read these first reactions. Please do https://t.co/WvOpjtd7l7',1
Reply," '@quizderek Politics of #india- refugees, quota, reservation, license raj, inspector raj, intimidation, loot, plunde\xe2\x80\xa6 https://t.co/wG5HIKDeUx'",1
Tweet, 'Modiji having fun at the first anniversary party of  demonetisation in Kerala \xf0\x9f\x98\x82\xf0\x9f\x98\x82\n\n#DeMoDisaster \n#\xe0\xa4\xad\xe0\xa5\x81\xe0\xa4\x97\xe0\xa4\xa4_\xe0\xa4\xb0\xe0\xa4\xb9\xe0\xa4\xbe_\xe0\xa4\xb9\xe0\xa5\x88_\xe0\xa4\xa6\xe0\xa5\x87\xe0\xa4\xb6 https://t.co/GqyvymRf14',1
Reply, '@unoffarnab @comabijith @RURALINDIA @Shehzad_Ind @minicnair @ShashiTharoor @narendramodi Making fun of\xe2\x80\xa6 https://t.co/h0FavIg61k',-1
Tweet, '@KalkiBugar @LBell46 You understand when the original post was made it is safe to assume he was talking about ameri\xe2\x80\xa6 https://t.co/YgkiSAfgOv',1
Reply, '@05c79beab7334c7 @LBell46 you be say that you talk about AMERICA when he be saying the pay gap is myth but not say\xe2\x80\xa6 https://t.co/IP97brCR2w',-1
Tweet, '#SmogDelhi Delhi LG &amp; @ArvindKejriwal announce new steps.All civil construction activities to stop till further orders @CNBCTV18Live',1
Reply, '@ShereenBhan @ArvindKejriwal @CNBCTV18Live This is the problem that no govt is pro active in tackling issues like p\xe2\x80\xa6 https://t.co/yGB9U3QlQ9',1
Tweet, 'FM @arunjaitley: Terror-funding was squeezed because of #Demonetization\n#DeMoWins https://t.co/L5IR2372F ',-1
Reply, '@DDNewsLive @FinMinIndia @arunjaitley And improvement in Indian cricket team? That also sir... #india #news',1
Tweet," 'One year on, BJP is celebrating #demonetisation &amp; Opposition is calling it a #BlackDay. But how will you remember N\xe2\x80\xa6 https://t.co/AfOMbQiJ3E'",1
Reply, '@scroll_in @RohanV I guess the picture says it all! #demon #demonetisation #india #moron #pm',1
Tweet," ""Gear up to experience perfection with #MotoX4, a phone as beautiful as it's strong! Arriving on 13/11, on @Flipkart\xe2\x80\xa6 https://t.co/RcQIm3mPAe""",1
Reply," '@motorolaindia @Flipkart Moto phone have high sar value, who cooked your brain with heat &amp; Radiation in #india . Re\xe2\x80\xa6 https://t.co/PKmIj002Ao'",1
Tweet," 'Prostitution has nosedived after #demonetisation, says Union minister Ravi Shankar Prasad https://t.co/B6XRbF1cZi https://t.co/6CBeTm87bZ'",-1
Reply, '@scroll_in #demonitisation has done everything except what it was actually meant/supposed to do !!!!! #Failure #Scam #India',-1
Tweet, 'This is the air purifier at work. Hazardous level. 5 is highest. Red is danger zone. And this is inside office!\xe2\x80\xa6 https://t.co/IsolRNbe9I',-1
Reply, '@Zakka_Jacob @hamidalijaja This is #Dehli #India',1
Tweet," 'Learn which super hero you are via your Google Assistant. Just ask \xe2\x80\x9cOk Google, what\xe2\x80\x99s my Justice League Super Hero?\xe2\x80\xa6 https://t.co/Sab0gCmtVU'",1
Reply," ""@justiceleaguewb Why it's not supported in #India ?? https://t.co/EUVLnEE9vs""",1
Tweet, 'Who is responsible for #DeMoDisaster which killed more than 100 Indians and cost Indians 1.5 million jobs?\xe2\x80\xa6 https://t.co/KnHqxxUaAc',-1
Reply," '@INCIndia Who is responsible for #Emergency in #India which killed thousand of people, thousand of put in jail, tho\xe2\x80\xa6 https://t.co/SrRl8h6Ock'",-1
Reply," 'RT @talmaeena: Blood, sweat and tears https://t.co/V52QMe4YDh #ksa #Expats  #saudi #jeddah #riyadh #asia #SriLanka #India #philippines #Pak\xe2\x80\xa6'",1
Tweet," '\xe0\xa4\xaa\xe0\xa5\x8d\xe0\xa4\xb0\xe0\xa4\xa7\xe0\xa4\xbe\xe0\xa4\xa8\xe0\xa4\xae\xe0\xa4\x82\xe0\xa4\xa4\xe0\xa5\x8d\xe0\xa4\xb0\xe0\xa5\x80 \xe0\xa4\xb6\xe0\xa5\x8d\xe0\xa4\xb0\xe0\xa5\x80 @narendramodi \xe0\xa4\x95\xe0\xa5\x87 \xe0\xa4\xa8\xe0\xa5\x87\xe0\xa4\xa4\xe0\xa5\x83\xe0\xa4\xa4\xe0\xa5\x8d\xe0\xa4\xb5 \xe0\xa4\xb5\xe0\xa4\xbe\xe0\xa4\xb2\xe0\xa5\x80 \xe0\xa4\xb8\xe0\xa4\xb0\xe0\xa4\x95\xe0\xa4\xbe\xe0\xa4\xb0 \xe0\xa4\xaf\xe0\xa4\xa6\xe0\xa4\xbf \xe0\xa4\xac\xe0\xa4\xa6\xe0\xa4\xb2\xe0\xa5\x87 \xe0\xa4\x95\xe0\xa5\x80 \xe0\xa4\xad\xe0\xa4\xbe\xe0\xa4\xb5\xe0\xa4\xa8\xe0\xa4\xbe \xe0\xa4\xb8\xe0\xa5\x87 \xe0\xa4\x95\xe0\xa4\xbe\xe0\xa4\xae \xe0\xa4\x95\xe0\xa4\xb0\xe0\xa4\xa4\xe0\xa5\x80 \xe0\xa4\xa4\xe0\xa5\x8b \xe0\xa4\x95\xe0\xa4\xbe\xe0\xa4\x82\xe0\xa4\x97\xe0\xa5\x8d\xe0\xa4\xb0\xe0\xa5\x87\xe0\xa4\xb8 \xe0\xa4\x95\xe0\xa5\x80 ""\xe0\xa4\x95\xe0\xa4\xb0\xe0\xa4\xaa\xe0\xa5\x8d\xe0\xa4\xb6\xe0\xa4\xa8 \xe0\xa4\x95\xe0\xa5\x80 \xe0\xa4\x95\xe0\xa5\x81\xe0\xa4\x82\xe0\xa4\xa1\xe2\x80\xa6 https://t.co/QG2vk0iGqq'",1
Reply, '@naqvimukhtar @narendramodi indirectly you mean to say that #BJP leaving #culprits without any punishment. why? thi\xe2\x80\xa6 https://t.co/7PIBryaRiU',-1
Tweet, 'Congratulations Mary Kom for clinching the gold at the ASBC Asian Confederation Women\xe2\x80\x99s Boxing Championships. India\xe2\x80\xa6 https://t.co/EIqZxITi1k',1
Reply," '@narendramodi: ""Congratulations Mary Kom for clinching the gold at the ASBC Asian Confederation\xe2\x80\xa6"" #1 in #India https://t.co/ec1gKh9ADZ'",1
Tweet," ""Are there any humans left in this state? For fuck sake the government's rotten to the core. #MamtaGhanta https://t.co/KCee5vAsRz""",-1
Reply, '#Elephants #westbengal #india  https://t.co/GUVt8dRfQx',1
Tweet," ""Don't try such stunts at your interview! :P\n\n#Bewakoof #Gag #Meme #Funny #India https://t.co/mlxtIT2AWg""",-1
Reply, '@bewakoof \xf0\x9f\x98\x82\xf0\x9f\x98\x82\xf0\x9f\x98\x82\n\n#Bewakoof #Gag #Meme #Funny #India',1
Tweet," 'THIS tweet keeps being removed from my timeline; I wonder why?\nIt is entirely true; even if Priti Patel finds it ""u\xe2\x80\xa6 https://t.co/crbAiAYDFQ'",-1
Reply, '@JohnClarke1960 #patel itching to play #israel card for ages after GURU #Modi announced #Israel friend of #India\xe2\x80\xa6 https://t.co/0uTYl12J1q',1
Tweet, '@ThAlMeArCrEq @KalkiBugar @MerindaCrowder1 @mitchellvii This is Virginia in 2016. https://t.co/m9K0lwOHte',1
Reply, '@ftfy911 @ThAlMeArCrEq @MerindaCrowder1 @mitchellvii this u prove al pipol are trump votters #INDIA you be seing th\xe2\x80\xa6 https://t.co/KQ0GkzRlLg',1
Tweet," '@slartibartfirst @BreitbartNews Most were NOT ""Trump\'s guys"" most were rhino republican globalist running in predom\xe2\x80\xa6 https://t.co/TkOi8Lr89L'",1
Reply, '@JonathanDoe8493 @slartibartfirst @BreitbartNews i am TRUMP GUY her in #INDIA we al trump guy and femal her we suport #TRUMP what u dont? \xf0\x9f\x87\xae\xf0\x9f\x87\xb3',1
Tweet," ""Hash - tagged #JeffSessions this morning. The #TrumpBots are really going after him. Following #Trump's lead to get\xe2\x80\xa6 https://t.co/LuZDbzQaug""",1
Reply, '@KrauseForIowa u be sayin BOT but i no i real from #INDIAFORTRUMP he is suport of pipol her and what u be doin? #INDIA \xf0\x9f\x98\x8e\xf0\x9f\x98\x8e\xf0\x9f\x87\xae\xf0\x9f\x87\xb3',1
Tweet, 'Demonetisation is a watershed moment in Indian economic history: Jaitley \n https://t.co/alBVkJ2pVv https://t.co/bPuEVkbaQL',1
Reply, '@TCGEHLOT #\xe0\xa4\xa8\xe0\xa5\x87\xe0\xa4\xa4\xe0\xa4\xbe\xe0\xa4\x93\xe0\xa4\x82 \xe0\xa4\x95\xe0\xa5\x8b \xe0\xa4\xaa\xe0\xa4\x97-\xe0\xa4\xaa\xe0\xa4\x97 \xe0\xa4\xaa\xe0\xa4\xb0 #\xe0\xa4\xb2\xe0\xa5\x8b\xe0\xa4\x95\xe0\xa4\xa4\xe0\xa4\x82\xe0\xa4\xa4\xe0\xa5\x8d\xe0\xa4\xb0 \xe0\xa4\x95\xe0\xa4\xbe \xe0\xa4\xb8\xe0\xa4\xbe\xe0\xa4\xae\xe0\xa4\xa8\xe0\xa4\xbe \xe0\xa4\x95\xe0\xa4\xb0\xe0\xa4\xa8\xe0\xa4\xbe \xe0\xa4\xb9\xe0\xa5\x8b\xe0\xa4\xa4\xe0\xa4\xbe \xe0\xa4\xb9\xe0\xa5\x88 \xe0\xa4\xa4\xe0\xa4\xad\xe0\xa5\x80 \xe0\xa4\xb8\xe0\xa5\x81\xe0\xa4\xb2\xe0\xa4\x9d\xe0\xa5\x87\xe0\xa4\x82 \xe0\xa4\xb9\xe0\xa5\x81\xe0\xa4\xaf\xe0\xa5\x87; #\xe0\xa4\x88\xe0\xa4\xae\xe0\xa4\xbe\xe0\xa4\xa8\xe0\xa4\xa6\xe0\xa4\xbe\xe0\xa4\xb0; \xe0\xa4\x95\xe0\xa5\x81\xe0\xa4\xb6\xe0\xa4\xb2 #\xe0\xa4\xa8\xe0\xa5\x87\xe0\xa4\xa4\xe0\xa5\x83\xe0\xa4\xa4\xe0\xa5\x8d\xe0\xa4\xb5 \xe0\xa4\xa6\xe0\xa5\x87\xe0\xa4\xa8\xe0\xa5\x87 \xe0\xa4\xb5\xe0\xa4\xbe\xe0\xa4\xb2\xe0\xa5\x87 \xe2\x80\x98\xe0\xa4\x9c\xe2\x80\xa6 https://t.co/7oXbkvhpzf',1
Tweet, '\xf0\x9f\x98\x82\xf0\x9f\x98\x82\xf0\x9f\x98\x82 I know Trump is good for nothing but Trump is responsible for this? https://t.co/LjqEK1f3uE',1
Reply, '@ALOAYE_JAVI u be saying GOD FOR nothin what have u do? #INDIAFORTRUMP trump suports al pipol and giv job in americ\xe2\x80\xa6 https://t.co/1WaHvpILDA',1
Tweet, '@MerindaCrowder1 @mitchellvii He wasn\xe2\x80\x99t trump enough so the voters went full DEM? That doesn\xe2\x80\x99t sound logical.',-1
Reply, '@ftfy911 @MerindaCrowder1 @mitchellvii do u say yo vot DEM? i vot TRUMP her in #INDIA he is suporting the pipol and\xe2\x80\xa6 https://t.co/IGb2NNI7QD',1
Tweet, 'White House Says All the Women Who Accused Trump of Sexual Harrassment Are Lying https://t.co/MqxOzLztC0',-1
Reply, '@aldo_chaaya how do u be noing this is false an u lie to PIPOL #TRUMPFORINDIA he is god presidant and u LIE #INDIA \xf0\x9f\x87\xae\xf0\x9f\x87\xb3\xf0\x9f\x92\xaa\xf0\x9f\x8f\xbf\xf0\x9f\x92\xaa\xf0\x9f\x8f\xbf\xf0\x9f\x98\x8e',-1
Tweet, 'President Trump in Beijing. #POTUSinAsia https://t.co/y6eIPQ1Xam',1
Reply, '@TrumpTrain45Pac how u be noing this photo is rel? i suport DONALD and he is real in #INDIA \xf0\x9f\x87\xae\xf0\x9f\x87\xb3not the beyjing #INDIAFORTRUMP',1
