Tweet, 'I guess \xe2\x80\x9cSongbird\xe2\x80\x9d @SenJohnMcCain that just voted to keep #Obamacare forgot what being a leader is all about? \xf0\x9f\x99\x84\n\nTr\xe2\x80\xa6 https://t.co/bdV7nk1NUi',1
Reply, '@GeorgiaDirtRoad @SenJohnMcCain @POTUS This coming from a guy that took pics with #terrorists...I wish He would jus\xe2\x80\xa6 https://t.co/ELBhnuR65k',1
Tweet, 'It\xe2\x80\x99s more than just a statement. https://t.co/0iWcU8J2g ',1
Reply," ""@PhilLatzman @nyc4bernie yeah, let's all listen to #JohnMcCain, who bombed women &amp; children in #Hanoi, shook hands\xe2\x80\xa6 https://t.co/92CxzOejr """,1
Tweet," 'President Trump: ""I believe that President Putin really feels... that he did not meddle in our election."" https://t.co/2U9efX4XXM'",-1
Reply," '@NBCNews @realDonaldTrump is the only dumbshit in the world who cares what our #Terrorists #Putin ""thinks.""'",-1
Tweet," 'Actually, there was a military solution. Assad, Russia and Iran pursued it and won the war. We lost. https://t.co/jpcMjC0cjH'",1
Reply," '@joshrogin @FarEasterner Yes, THANK GOD #Assad #Russia #Iran #Hezbollah KILL the #Beheading #Terrorists .\n\nUS, NATO\xe2\x80\xa6 https://t.co/WbRKLukgK '",1
Tweet," 'Our alliance with Saudi Arabia contradicts the objectives of our so-called ""War on Terror."" Saudi\'s support for Wah\xe2\x80\xa6 https://t.co/tRjFUdgjcO'",-1
Reply," ""@TulsiGabbard Wow\nIt's a known fact world over that Saudis r proponents of #Wahabi  #Terrorists  in Asia Pacific &amp;\xe2\x80\xa6 https://t.co/NvwJWyk3VY""",1
Tweet," 'Why would Kim Jong-un insult me by calling me ""old,"" when I would NEVER call him ""short and fat?"" Oh well, I try so\xe2\x80\xa6 https://t.co/PmsWNkH4r4'",-1
Reply," '@realDonaldTrump Facts: #KimJongUn is FAT, UGLY, SHORT, IDIOT &amp; MENTALLY RETARDED!!!\nOnly #Terrorists #Libtards\xe2\x80\xa6 https://t.co/TpizeMWWSa'",-1
Tweet, 'Our statement on #VeteransDay: https://t.co/jrQVtvsgmf',1
Reply, '@OfficialAntifa @OfficialAntifa it\xe2\x80\x99s signs like this that is separating us as a nation. You\xe2\x80\x99re nothing but a bunch of #terrorists.',-1
Tweet, '@JustinTrudeau @BobRae48 You did did you ?concern for terrorists is a weird thing?',-1
Reply, '@Curious97507374 @JustinTrudeau @BobRae48 #trudeaus love of radicals and #terrorists can only be linked to his sick\xe2\x80\xa6 https://t.co/6BXtH29BOn',1
Tweet," 'We must remember &amp; honour the sacrifices of those fallen and those who have served, by recognizing the terrible cos\xe2\x80\xa6 https://t.co/MU3zZZxsGW'",1
Reply," ""@theJagmeetSingh @NDP +Innocent civilians die in every war than soldiers\nHow abt we stop participating in #US' wars\xe2\x80\xa6 https://t.co/djo1MLiIyv""",1
Tweet, '@meganspecia US are just not dumb enough to send shitloads of tax dollars abroad for literally no reason. Hopefully UK can follow suit.',-1
Reply, '@gt2andy @meganspecia @BarackObama sent #Iran $$$ to pay for nukes &amp; his support for #Terrorists world wide.\n Those days are over!  #MAGA',-1
Tweet, 'The reappearance of this weapon after 6 yrs demonstrates that the Islamic Republic of Iran continues its campaign t\xe2\x80\xa6 https://t.co/JOVmnTOQG9',1
Reply, '@SecStudiesGrp @AliSalari1965 #LestWeForget how #Iran is training foreign #terrorists\nand spreading the culture of\xe2\x80\xa6 https://t.co/faZruODcea',-1
Tweet, '@PhilHoganEU @EllieGeranmayeh @eu_eeas @EUAgri @EU_Commission @Food_EU World leaders have to start talking with Cro\xe2\x80\xa6 https://t.co/r2H7IiYwrD',1
Reply, '@PhilHoganEU @EllieGeranmayeh @eu_eeas @EUAgri @EU_Commission @Food_EU What can be positive in a meeting with no 1\xe2\x80\xa6 https://t.co/NhGCYf0SYl',1
Tweet, '@zainy80 @OfficialDGISPR @washingtonpost @bbclysedoucet @dw_urdu Worry about ur own country disintegrating! We know\xe2\x80\xa6 https://t.co/pnb0k5aVVV',-1
Reply, '@anilgupta5113 @OfficialDGISPR @washingtonpost @bbclysedoucet @dw_urdu Uncle Gupta you are wrong here .\nWe produce\xe2\x80\xa6 https://t.co/KD5I9pPLmh',-1
Tweet," '\xe2\x80\x9cOk, now everyone wave\xe2\x80\x94 yes that includes the only guy in brown shoes who seems to be so in love with himself\xe2\x80\x9d https://t.co/8PbMmggC6G'",1
Reply," ""@manny_ottawa .@JustinTrudeau He's also in luv with #Terrorists who he rewards w/millions but shows contempt to our\xe2\x80\xa6 https://t.co/nN5ntcAKx5""",1
Tweet," 'To be clear: Donald Trump, president of the United States, does NOT believe the 17 American agencies that make up t\xe2\x80\xa6 https://t.co/L5eWXRzacx'",-1
Reply, '@JoyAnnReid Good for #POTUS Because those same lame agencies let Hillary walk and seem to more and more let\xe2\x80\xa6 https://t.co/VqyxdlLprn',1
Tweet, 'ISIS released a video today showing that Albu Kamal is still under its control. That settles it -- the regime lies\xe2\x80\xa6 https://t.co/7TsFzDnWGT',-1
Reply, '@hxhassan Lol you are such a wanker. You support #terrorists. #daeshbag #scum',-1
Tweet, 'HYPOCRITE UPDATE:\n\xf0\x9f\xa4\xa1George Takei\nGeorge Takei\xf0\x9f\xa4\xa1\n\xf0\x9f\xa4\xa1George Takei\nGeorge Takei\xf0\x9f\xa4\xa1\n\xf0\x9f\xa4\xa1George Takei\nGeorge Takei\xf0\x9f\xa4\xa1\n\xf0\x9f\xa4\xa1George Takei\xe2\x80\xa6 https://t.co/Cupfc9GNI5',1
Reply, '@thebradfordfile ALL KNEW - ALL COMPLICIT  - \xe2\x9a\xa0\xef\xb8\x8f  #Democrat Party - Domestic #Terrorists  #ObamaGate  #ClintonRussia\xe2\x80\xa6 https://t.co/f7ms4gWMhj',-1
Tweet, 'A grave injustice. I\xe2\x80\x99m so upset. https://t.co/CtKGCQVo3u',-1
Reply, '@ShaunKing @schmir123 \xe2\x9a\xa0\xef\xb8\x8f  #Democrat Party - Domestic #Terrorists  #ObamaGate  #ClintonRussia @RepMaxineWaters\xe2\x80\xa6 https://t.co/HZ17rnF7Du',1
Tweet," ""Just when I think my capacity to be surprised has been exhausted, Pres Trump declares that he accepts Putin's word\xe2\x80\xa6 https://t.co/ISIg8vfPVl""",1
Reply," '@RichardHaass @twitsanon Good. Now, if only Trump had the fortitude to dismantle CIA as President Kennedy is report\xe2\x80\xa6 https://t.co/twPtToetcE'",-1
Tweet, 'Watch Antifa Freak Admit They\xe2\x80\x99re Domestic Terrorists [video] https://t.co/HEOySC91rd via @Knights Templar International',-1
Reply, '@simontemplar820 @Angusthewndrdg @knights They are a world-wide hate organization funded by #Soros.  #Obama &amp;\xe2\x80\xa6 https://t.co/PsD5mnW3dv',-1
Tweet," '""Bannon and his cronies at Breitbart are aggressively recruiting ultra-hard-right Republicans who are out of touch\xe2\x80\xa6 https://t.co/RQVKOqKCpw'",1
Reply, '@BreitbartNews WHY DO LIBERALS HATE AMERICA?  \xe2\x9a\xa0\xef\xb8\x8f  #Democrat Party - Domestic #Terrorists  #ObamaGate\xe2\x80\xa6 https://t.co/0vwPMaz7Z9',-1
Tweet," 'We stand together, no matter where we are, with poppies on our hearts, to remember. #LestWeForget https://t.co/5TXls6h7pH'",1
Reply, '@JustinTrudeau #LestWeForget how #Iran is training foreign #terrorists\nand spreading the culture of #war\xe2\x80\xa6 https://t.co/afUffRMVz6',-1
Tweet, 'Well I\xe2\x80\x99d say that\xe2\x80\x99s pretty decisive... https://t.co/QuZSewJULm',-1
Reply," ""@pimpmytweeting Jo without question I'd add #Terrorists to the list though. X\xf0\x9f\x87\xac\xf0\x9f\x87\xa7\xf0\x9f\x91\x8d""",1
Tweet," 'WTFH @BorthZoo? HOW was lilith ""humanely destroyed""? w BULLETS? w POISON? if you could get close enough to KILL her\xe2\x80\xa6 https://t.co/C3izgyw2zD'",-1
Reply, '@GrrlScientist @BorthZoo @Independent Shouldn`t Lilith armed #deathcult #terrorists be in #Guantanamo Bay with thei\xe2\x80\xa6 https://t.co/SEIFGgLdcd',1
Tweet, '@mihm_david @DineshDSouza @altRight @georgesoros @DNC @Twitter @VenturaDAOffice @HillaryClinton Ironic though that\xe2\x80\xa6 https://t.co/BNv5s73hQI',1
Reply, '@mihm_david @DineshDSouza @altRight @georgesoros @DNC @Twitter @VenturaDAOffice @HillaryClinton\xe2\x80\xa6 https://t.co/l3fkdkQgXZ',1
Tweet," '\xe0\xae\x92\xe0\xae\xb0\xe0\xaf\x81 IT\xe0\xae\x86\xe0\xae\xaa\xe0\xaf\x80\xe0\xae\x9a\xe0\xae\xb0\xe0\xaf\x8d \xe0\xae\x95\xe0\xae\xa9\xe0\xaf\x8d\xe0\xae\xa9\xe0\xae\xa4\xe0\xaf\x8d\xe0\xae\xa4\xe0\xaf\x81\xe0\xae\xb2 \xe0\xae\xae\xe0\xae\xb0\xe0\xaf\x81 \xe0\xae\x87\xe0\xae\xb0\xe0\xaf\x81\xe0\xae\xa8\xe0\xaf\x8d\xe0\xae\xa4\xe0\xae\xbf\xe0\xae\x9a\xe0\xaf\x8d\xe0\xae\x9a\xe0\xaf\x81. \xe0\xae\x85\xe0\xae\xa4\xe0\xaf\x88 \xe0\xae\xae\xe0\xae\xbe\xe0\xae\xb1\xe0\xaf\x81\xe0\xae\xb5\xe0\xaf\x87\xe0\xae\xb7\xe0\xae\xae\xe0\xaf\x8d\xe0\xae\xa9\xe0\xaf\x8d\xe0\xae\xa9\xe0\xaf\x81 \xe0\xae\xa8\xe0\xae\xbf\xe0\xae\xa9\xe0\xaf\x88\xe0\xae\x9a\xe0\xaf\x8d\xe0\xae\x9a\xe0\xaf\x81\xe0\xae\x9f\xe0\xaf\x8d\xe0\xae\x9f\xe0\xae\xbe\xe0\xae\x99\xe0\xaf\x8d\xe0\xae\x95CRS. \xf0\x9f\x98\x9c\xe0\xae\x95\xe0\xae\xb0\xe0\xaf\x81\xe0\xae\xaa\xe0\xaf\x8d\xe0\xae\xaa\xe0\xaf\x81\xe0\xae\xaa\xe0\xaf\x8d\xe0\xae\xaa\xe0\xae\xa3\xe0\xae\xae\xe0\xaf\x8d,\xe0\xae\x95\xe0\xae\xb3\xe0\xaf\x8d\xe0\xae\xb3\xe0\xae\xaa\xe0\xaf\x8d\xe0\xae\xaa\xe0\xae\xa3\xe0\xae\xae\xe0\xaf\x8d,\xe0\xae\xb5\xe0\xae\xb0\xe0\xae\xbf \xe0\xae\x8f\xe0\xae\xaf\xe0\xaf\x8d\xe0\xae\xaa\xe0\xaf\x8d\xe0\xae\xaa\xe0\xaf\x81\xe2\x80\xa6 https://t.co/xfSKFu4YC '",1
Reply, '@SVESHEKHER these people are worse than #Terrorists',-1
Tweet, '.@BobRae48 &amp; I sat down with Aung San Suu Kyi in Da Nang to express Canada\xe2\x80\x99s concern for the Rohingya refugees &amp; th\xe2\x80\xa6 https://t.co/DjTX37estO',1
Reply, '@JustinTrudeau @BobRae48 When you use the wisdom rather than coordinated plot n propagandas lobbied by #terrorists\xe2\x80\xa6 https://t.co/uqY4kp3hIG',1
Tweet, '@DaysofPalestine @isadoredefaoite No different than the muslims',1
Reply, '@Clintbad2 @DaysofPalestine @isadoredefaoite Are we not better than #terrorists or are we actually just the same?',1
Tweet, '@JudicialWatch @Lucymax111 They should be all be fired and replaced',-1
Reply, '@follysurfangel1 @JudicialWatch @Lucymax111 Should be prosecuted by @FBI  @TheJusticeDept ! They are supporting #Terrorists',-1
Tweet, 'No parallel to #Pakistan Army in the world. Our achievements against #terrorism despite commitments on eastern bord\xe2\x80\xa6 https://t.co/jgKpVKm2Md',1
Reply, '@pid_gov No parallel to #Pakistan Army in the world for supporting and creaying #Terrorists either. Go figure',1
Tweet, 'But I care about everything.',1
Reply, '@rosemcgowan \xe2\x9a\xa0\xef\xb8\x8f  DEMOCRAT PARTY COMPLICIT IN CRIMES -   #Democrat Party - Domestic #Terrorists  #ObamaGate\xe2\x80\xa6 https://t.co/KvAywhVILp',1
Tweet," 'Homeland Security issues bulletin warning of weaponized drones and threat to aviation. ""We continue to face one of\xe2\x80\xa6 https://t.co/FMUNzUn81 '",-1
Reply, '@ABC This is kind of big news. Why is this buried in the Middle of the night? #terrorists #Muslimban #travelban #ISIS #Islam',-1
Tweet," ""Here's how no-go zones are created in France. https://t.co/03oPGP2z1M""",1
Reply, '@V_of_Europe @RealAlexJones NO-GO zones in #France-restricted movement in your own home cuz #muslim #Terrorists&amp;\xe2\x80\xa6 https://t.co/MUfYrzXAgU',1
Tweet, 'Justin Trudeau accused of \xe2\x80\x98sabotaging\xe2\x80\x99 trade deal with meeting no-show  https://t.co/9gBQ7hwber https://t.co/by2XaVzeWC',1
Reply," ""@calgarysun #Canadians are embarrassed by @JustinTrudeau He's a no show in #Canada unless it's giving money to\xe2\x80\xa6 https://t.co/dFM2ntdfnO""",-1
Tweet, '@IrrawaddyNews Burmese Buddist ISIS. https://t.co/FiV7WoKIjz',1
Reply, '@zadrak88 @IrrawaddyNews Muslims are #terrorists',1
Tweet, 'Where will terrorists go\xc2\xa0now? https://t.co/kVBQWmBOko https://t.co/qjF4Tl72bV',1
Reply, '@enhunternews And when the #terrorists go #coldturkey from #amphetamines or #opiods how more dangerous will they become?',-1
Tweet, 'Failed Congresswoman @RepMaxineWaters has called for the impeachment of every GOP President and Vice President for\xe2\x80\xa6 https://t.co/Fs6oOJbJLJ',-1
Reply, '@RealOmarNavarro @RepMaxineWaters \xe2\x9a\xa0\xef\xb8\x8f  #Democrat Party - Domestic #Terrorists  #ObamaGate  #ClintonRussia\xe2\x80\xa6 https://t.co/fW6bHRerbZ',1
Tweet, 'Demonetization made irreparable damage to the Indian Economy.\n\n#AntiBlackMoneyDay https://t.co/o9dHZfBLss',-1
Reply," '@giri_m94 #Black #Money was killing #India, and #Pakistan was going wild counterfeiting. \n#Demonetization was short\xe2\x80\xa6 https://t.co/gtaCuszqWw'",-1
Tweet," '#UPDATE 28-year-old driver had about 10 previous convictions, but was not on a list of known extremists says French\xe2\x80\xa6 https://t.co/1hJVL3T7gt'",-1
Reply," '@AFP #Toulouse: #France reaching #BreakingPoint anytime soon? #Hijab headcoverings #banned, #Mosques being closed d\xe2\x80\xa6 https://t.co/nHnl7eLZa4'",1
Tweet, 'Germany: Polish mother refuses son\xe2\x80\x99s Islamic homework: we are Catholics! https://t.co/6pHxkWuOqw',-1
Reply, '@V_of_Europe HEY SCUMMY #Foley &amp; #TERRORISTS...ARE U STILL IN #Switzerland WITH #Walmart ?',1
Tweet, 'Footage of clash between #Rakhine labourers and #Myanmar police in #Hpakant Township #Kachin State. According to th\xe2\x80\xa6 https://t.co/nmqYU12rsd',-1
Reply, '@nslwin Footage of clash between #Rakhine #terrorists +!#Myanmar police in #Hpakant Township #Kachin State. Two\xe2\x80\xa6 https://t.co/YEtAUubjLi',-1
Tweet, 'The man wrote about the clash in Rakhine language. The man is very happy for killing this police by his fellow Rakh\xe2\x80\xa6 https://t.co/4DKO9GehHJ',1
Reply, '@nslwin The man wrote about the clash in Rakhine language. The man is very happy for killing this police by his fellow #terrorists.',1
Tweet," "".@bbcburmese's Nov 8, 2017 report: #Myanmar military's boat was attacked by Arakan Army - AA [#Rakhine Buddhists In\xe2\x80\xa6 https://t.co/41du4zG2B0""",-1
Reply," ""@nslwin @bbcburmese Nov 8, 2017 report: #Myanmar military's boat was attacked by #terrorists, 14 Burmese soldiers &amp;\xe2\x80\xa6 https://t.co/VIDHWAZRGt""",-1
Tweet," ""One of the world's poorest countries confronts a genocide on its doorstep https://t.co/5psqka7Wnf via @DemocracyPost""",-1
Reply," ""@PostOpinions @nslwin @DemocracyPost One of the world's poorest countries confronts a purging of #terrorists on its doorstep.""",-1
Tweet, 'Dozens of #Rohingya from #PaNyaungPinGyi beach in Southern #Maungdaw left on Nov 8th morning for #Bangladesh by flo\xe2\x80\xa6 https://t.co/SAuKUvjsf4',1
Reply, '@nslwin Dozens of #Terrorists from #PaNyaungPinGyi beach in Southern #Maungdaw left on Nov 8th morning for\xe2\x80\xa6 https://t.co/6V18TEOaSn',1
Tweet, 'At least 50 #Rohingya from #PaNyaungPinGyi beach in Southern #Maungdaw left today (Nov 9th) morning for #Bangladesh\xe2\x80\xa6 https://t.co/wCaI97xf8V',1
Reply," '@nslwin At least 50 #terrorists left in a raft, hoping to find easier targets in a relatively more passivist province or nation.'",1
Tweet, '@Anmol_77 The pressure was meant to make Kulbhushan free not to let him hang',-1
Reply," '@singhpashwani @Anmol_77 EXACTLY!!! If @SushmaSwaraj had ANY effective pressure, #KulbhushanJadhav would be coming\xe2\x80\xa6 https://t.co/r8KdwRRHqX'",-1
Tweet, 'I asked @JustinTrudeau to continue be a global leader for refugees. https://t.co/uSoFlyHzU6',1
Reply, '@RefugeesChief @JustinTrudeau #Military mobile medical team gave #treatement to local people and departments Staff\xe2\x80\xa6 https://t.co/6JK2cfHErh',1
Tweet, 'At the UN earlier this week https://t.co/IenEgEHGN4',1
Reply," '@LodhiMaleeha There can be no peace in the world, till #porkistan is safe #hideout for #terrorists \xf0\x9f\x98\x82\nhttps://t.co/x4B6ZYLbD2'",-1
Tweet, 'So is the UK a full muslim country yet or is that scheduled for next year? #BanIslam https://t.co/uKAeOD06SF',1
Reply, '@disspat Well that\xe2\x80\x99s what they get for letting #terrorists live there. Sucks being in the #UK and unable to defend\xe2\x80\xa6 https://t.co/p2sxOmW82e',-1
Tweet, 'Demonstration in Urm al Kubra gets interrupted by an attack and shooting  by #HTS reportedly killing 10 people (par\xe2\x80\xa6 https://t.co/MbTwpb54aH',-1
Reply," '@EHSANI22 I have no sympathy whatsoever, those scumbags invited the #terrorists in..they got what they\xe2\x80\x99ve asked for \xd9\x8a\xd9\x86\xd8\xa8\xd8\xa7\xd8\xb9\xd9\x88 \xd8\xa8\xd8\xa7\xd9\x84\xd8\xb9\xd8\xb2\xd8\xa7'",-1
Tweet, 'The United States has been reminded time and again in recent years that economic security is not merely RELATED to\xe2\x80\xa6 https://t.co/62WsIAen7F',1
Reply, '@realDonaldTrump Bengali #Rohingya @ARSA_Official  #Terrorists kill 18 villagers involved in NVC program\xe2\x80\xa6 https://t.co/h8lKcTVhvo',-1
Tweet, '\xe0\xae\xae\xe0\xae\xbe\xe0\xae\xb1\xe0\xaf\x81\xe0\xae\xb5\xe0\xaf\x87\xe0\xae\x9f\xe0\xae\xa4\xe0\xaf\x8d\xe0\xae\xa4\xe0\xae\xbf\xe0\xae\xb2\xe0\xaf\x8d \xe0\xae\xb5\xe0\xae\xa8\xe0\xaf\x8d\xe0\xae\xa4\xe0\xaf\x81 \xe0\xae\xaa\xe0\xae\xbf\xe0\xae\x9f\xe0\xae\xbf\xe0\xae\x95\xe0\xaf\x8d\xe0\xae\x95 \xe0\xae\xa8\xe0\xae\xbe\xe0\xae\x99\xe0\xaf\x8d\xe0\xae\x95\xe0\xae\xb3\xe0\xaf\x8d \xe0\xae\x8e\xe0\xae\xa9\xe0\xaf\x8d\xe0\xae\xa9 \xe0\xae\xa4\xe0\xaf\x80\xe0\xae\xb5\xe0\xae\xbf\xe0\xae\xb0 \xe0\xae\xb5\xe0\xae\xbe\xe0\xae\xa4\xe0\xae\xbf\xe0\xae\x95\xe0\xae\xb3\xe0\xae\xbe?\xe0\xae\x9a\xe0\xae\xbf.\xe0\xae\x86\xe0\xae\xb0\xe0\xaf\x8d.\xe0\xae\x9a\xe0\xae\xb0\xe0\xae\xb8\xe0\xaf\x8d\xe0\xae\xb5\xe0\xae\xa4\xe0\xae\xbf \xe0\xae\x95\xe0\xaf\x87\xe0\xae\xb3\xe0\xaf\x8d\xe0\xae\xb5\xe0\xae\xbf..\n\n\xe0\xae\xa4\xe0\xaf\x80\xe0\xae\xb5\xe0\xae\xbf\xe0\xae\xb0\xe0\xae\xb5\xe0\xae\xbe\xe0\xae\xa4\xe0\xae\xbf\xe0\xae\x95\xe0\xae\xb3 \xe0\xae\xaa\xe0\xae\xbf\xe0\xae\x9f\xe0\xae\xbf\xe0\xae\x95\xe0\xaf\x8d\xe0\xae\x95 \xe0\xae\x8e\xe0\xae\xb2\xe0\xaf\x8d\xe0\xae\xb2\xe0\xae\xbe\xe0\xae\xae\xe0\xaf\x8d \xe0\xae\xae\xe0\xae\xbe\xe0\xae\x9f\xe0\xaf\x8d\xe0\xae\x9f\xe0\xae\x99\xe0\xaf\x8d\xe2\x80\xa6 https://t.co/oY4aoGv8O ',1
Reply, '@itz_katti agree. in fact these corrupt criminals are worse than #Terrorists and unlike the latter these criminals\xe2\x80\xa6 https://t.co/KqRrGZOk4Q',-1
Tweet," ""Syria declares the end of ISIS' reign of terror as the Syrian army liberates its last town https://t.co/UdCCmuKiNG""",1
Reply, '@BenjaminNorton Good to see Syrians prevailing over US+NATO+GCC backed #terrorists\nHopefully once they are through\xe2\x80\xa6 https://t.co/6EMnI5wGaS',1
Tweet," 'Sadly Richard many Australians are racist ..many politicians exploit it , many kitchen tables promote it without ev\xe2\x80\xa6 https://t.co/yDk1rpV0oP'",1
Reply, '@TonyHWindsor Your a Racist by trying to blame @PaulineHansonOz \nYou are to blame Sucked  up to @JuliaGillard and a\xe2\x80\xa6 https://t.co/zwPwe6I053',-1
Tweet," ""It's always the West's fault https://t.co/o23Y5cxVw5""",1
Reply, '@OrwellNGoode #scum proof they ALL need to go home! #immigration is a cancer.\n#terrorists',1
Tweet, 'Explosion takes place on property of RSS worker while he was making a bomb in his shed\nhttps://t.co/51KgB4NNoU',-1
Reply, '@IndiaToday It\xe2\x80\x99s another proof of who are actually the antinationals. #BJPfails #Terrorism #terrorists',1
Tweet, '\xd9\x87\xd8\xb0\xd8\xa7 \xd9\x87\xd9\x88 \xd9\x87\xd8\xaf\xd9\x81 \xd8\xad\xd8\xb2\xd8\xa8 \xd8\xa7\xd9\x84\xd9\x84\xd9\x87 \xd9\x85\xd9\x86\xd8\xb0 \xd8\xa7\xd9\x84\xd8\xa3\xd8\xb2\xd9\x84 .. \xd9\x88\xd8\xa8\xd9\x83\xd9\x84 \xd9\x88\xd8\xb6\xd9\x88\xd8\xad!\n\n#\xd9\x84\xd8\xa8\xd9\x86\xd8\xa7\xd9\x86\xd9\x8a\xd9\x88\xd9\x86_\xd8\xb6\xd8\xaf_\xd8\xad\xd8\xb2\xd8\xa8\xd8\xa7\xd9\x84\xd9\x84\xd9\x87 https://t.co/y3s5BKMeDg',1
Reply, '@hailahabdulah20 @fahadalahmdi \xf0\x9f\x91\x8c%100 #Lebanon \xf0\x9f\x87\xb1\xf0\x9f\x87\xa7\xe2\x9d\x93\n#Beirut #Hezbollah #Terrorism #terrorists #Terror https://t.co/3lkuPIqoMl',1
Tweet, '@CensorshipDep @mmpadellan Infowars \xf0\x9f\x98\x82\xf0\x9f\x98\x82\xf0\x9f\x98\x82 you proably think that the sandy hook murders  was also staged... you guy are sick',-1
Reply, '@unitedweare23 @mmpadellan and yes #JFK was killed only by lee Harvey Oswald and the #JFKFiles did not disprove tha\xe2\x80\xa6 https://t.co/bu2nJVcAR ',-1
Tweet," '.@MileyCyrus called the Texas church shooter a ""White terrorist,"" and some of her fans are heated: https://t.co/NNW6x0220R #MileyCyrus'",-1
Reply," ""@RickeySmiley @MileyCyrus Ok for shits and giggles let's just say he's not a #terrorists. He just did some terrorist type shit""",-1
Tweet, 'Improving connectivity with Bangladesh. https://t.co/XC10b8brJn',1
Reply, '@PMOIndia Hope this #TRAIN  bring #happiness  in #India  not #terrorists  &amp; #illegal  #Goods',1
Tweet, 'Poor Satan. https://t.co/9ZK1pz8iDc',-1
Reply," ""@ProfFrancesca It reminded me of genocidal so-called 'christians' in #USA, &amp; 'catholics' in #Spanish #scum 'Latin'A\xe2\x80\xa6 https://t.co/LY3WaBZsTi""",1
Tweet, 'U.S. Conducts Airstrike in Support of the Federal Government of Somalia - https://t.co/U8hu8RbNWl https://t.co/QwsZYpsgvx',1
Reply, '@USAfricaCommand #US strikes are important to keep the area clean of #terrorists ... @UN report released by\xe2\x80\xa6 https://t.co/62JTX4w6tN',1
Tweet," 'I don\xe2\x80\x99t blame China, I blame the incompetence of past Admins for allowing China to take advantage of the U.S. on tr\xe2\x80\xa6 https://t.co/zql9WFEZlF'",1
Reply," '@realDonaldTrump U have done the same Moron! You and your Family have outsourced your Hats, Clothes, Golf Clubs and\xe2\x80\xa6 https://t.co/jDo40Gla8N'",1
Tweet, 'I broke some news in the Sun: Trudeau govt continued to strip citizenship until the day a court ruled it unconstitu\xe2\x80\xa6 https://t.co/2zSMTD0rP2',1
Reply, '@CandiceMalcolm They never stripped or of the proper people though. Like Kadar #Terrorists #TrudeauMustGo #cdnpoli',1
Tweet," 'Please, to everyone reading this, can we promise to not be a part of the culture that normalizes and encourages loc\xe2\x80\xa6 https://t.co/UOBKt6IYjr'",1
Reply, '@Alyssa_Milano The party of perverts - Democrats --  \xe2\x9a\xa0\xef\xb8\x8f  #Democrat Party - Domestic #Terrorists  #ObamaGate\xe2\x80\xa6 https://t.co/4lqKeSJzWV',1
Tweet, 'Circular logic. If \xe2\x80\x9cwe all\xe2\x80\x9d own something then no one owns anything https://t.co/6jIod0TPdl',1
Reply, '@JackPosobiec \xe2\x9a\xa0\xef\xb8\x8f  #Democrat Party - Domestic #Terrorists  #ObamaGate  #ClintonRussia @RepMaxineWaters @RepWilson\xe2\x80\xa6 https://t.co/Tw977bSfcZ',1
Tweet," 'POTUS thinks our justice system is a ""joke."" No president should attack our judges &amp; courts. Sign if you agree. https://t.co/loS40qzcJ2'",1
Reply, '@AdamSchiffCA \xe2\x9a\xa0\xef\xb8\x8f  LIBERAL JUDGES DESTROYING AMERICA - LIBERALS HATE AMERICA - #Democrat Party - Domestic\xe2\x80\xa6 https://t.co/kmqG5IPFTH',-1
Tweet," ""#Russia supports rare languages of its North's indigenous peoples: scientists are developing modern books on school\xe2\x80\xa6 https://t.co/mLO0uFK2yV""",-1
Reply, '@EmbassyofRussia @mfa_russia @UN4Indigenous @RussiaUN @RusEmbUSA @RussianEmbassyC @RusEmbEst @RusEmbMalta\xe2\x80\xa6 https://t.co/RP7k6uPQ55',-1
Tweet," ""Here's why this congressman walked out of Paul Ryan's moment of silence for victims of the Texas shooting. https://t.co/Vg8380Bw1k""",-1
Reply, '@ajplus #TexasChurchMassacre #TexasChurchShooting #TexasShooting #MassShootings #NRA #NRAIsKillingAmerica\xe2\x80\xa6 https://t.co/Fq7Vqz9hcd',-1
Tweet," ""133 votes. Currently, that's all that separates Elizabeth Crowley &amp; Robert Holden in the race for Queens CD 30, whe\xe2\x80\xa6 https://t.co/pMrfd0gusg""",1
Reply," ""@NYCVotes #Honesty &amp; #FirstAmendment #Veterans #Constitution keeps @billdeblasio, @mayorscau &amp; @nycmayor's #NYPD\xe2\x80\xa6 https://t.co/OajKTmoqeC""",1
Tweet," '\xce\x91\xce\xbd\xce\xbf\xce\xaf\xce\xb3\xcf\x89 \xcf\x84\xce\xbf \xce\xa4\xce\xbf\xcf\x85\xce\xaf\xcf\x84\xce\xb5\xcf\x81 \xce\xb1\xcf\x80\xcf\x8c\xcf\x88\xce\xb5 \xce\xba\xce\xb1\xce\xb9 \xce\xb1\xcf\x80\xcf\x8c \xcf\x80\xce\xb1\xce\xbd\xcf\x84\xce\xbf\xcf\x8d \xce\xbe\xce\xb5\xcf\x80\xcf\x81\xce\xbf\xce\xb2\xce\xb1\xce\xbb\xce\xbb\xce\xb5\xce\xb9 \xcf\x84\xce\xbf \xce\xb1\xce\xb7\xce\xb4\xce\xb9\xce\xb1\xcf\x83\xcf\x84\xce\xb9\xce\xba\xcf\x8c \xce\xbc\xce\xbf\xcf\x8d\xcf\x84\xcf\x81\xce\xbf \xcf\x84\xce\xbf\xcf\x85 \xcf\x84\xcf\x81\xce\xbf\xce\xbc\xce\xbf\xce\xba\xcf\x81\xce\xac\xcf\x84\xce\xb7 \xce\xb4\xce\xbf\xce\xbb\xce\xbf\xcf\x86\xcf\x8c\xce\xbd\xce\xbf\xcf\x85, \xce\xbd\xce\xb1 \xce\xbb\xce\xb5\xcf\x81\xcf\x8e\xce\xbd\xce\xb5\xce\xb9 \xcf\x84\xce\xbf \xce\xbc\xce\xad\xcf\x83\xe2\x80\xa6 https://t.co/ptEWeJU0Il'",1
Reply, '@n_santama #Greek #terrorists out and about. They are part of those applied the law ... oh well #travel to Greece? NOT',1
Tweet, 'May God also grant all of us the wisdom to ask what concrete steps we can take to reduce the violence and weaponry in our midst.',1
Reply, '@BarackObama @GiniaNYT Getting @NYPDONeill to order #NYPD #CivilRights #terrorists to point their weapons the other\xe2\x80\xa6 https://t.co/vt70ctbLWa',1
Reply, '#Daesh #Terrorists in #Iraq enjoyed extensive recruitment networks and #logistic supports sponsored by #Saudis.\xe2\x80\xa6 https://t.co/VVlWRdQ1jL',1
Tweet, 'Working class person votes Conservative #MakeMeAngryIn5Words https://t.co/ngjKIqDqEQ',1
Reply, '@tedtully @hazelglasgow Nob is working-class.\nHe has voted #Labour for decades.\nLabour was taken over by rich middl\xe2\x80\xa6 https://t.co/IoScXDntWW',1
Tweet," 'Please someone remind him that he is the Vice President of India now, not the BJP. https://t.co/zw9mzqGZ39'",1
Reply, '@Nidhi Is he encroaching on your property? Or eating from your plate? Do you ever remember what you are? We call yo\xe2\x80\xa6 https://t.co/D97RYyYJe ',-1
Tweet," ""New Tesco 'Christmas' ad features hijabi Muslims but no symbols of Christianity. https://t.co/rW6w4Vu625""",-1
Reply, '@PrisonPlanet SCUMS = #LGBTQF #NeilBennett AKA #MattBomer #GANGS AKA #NeilCaffrey (NEVER WAS/NEVER A #CAFFREY) AKA\xe2\x80\xa6 https://t.co/uBtySXW55d',1
Tweet, 'Israeli police foiled an Islamic terror attack in #Israel today. They found 2 knives and a Koran in the suspicious\xe2\x80\xa6 https://t.co/F7GACkAETp',-1
Reply," ""@LauraLoomer G-d bless America, he was wearing @Nike's... #Repressed #PA #Terrorists...""",1
Tweet, 'Meet two #Rohingya orphans. Their father was killed by #Myanmar Army. And their mother died in childbirth. https://t.co/HgrfkajO9V',-1
Reply, '@nslwin Do u think about the #Myanmar #Orphans who parents are killed by #ARSA #Terrorists.',-1
Tweet, 'Al Sharpton to lead prayer service for Rep. Frederica Wilson https://t.co/OqpX10S0cA https://t.co/OoPAJWmX0s',1
Reply, '@dcexaminer \xe2\x9a\xa0\xef\xb8\x8f  #Democrat Party - Domestic #Terrorists  #ObamaGate  #ClintonRussia @RepMaxineWaters @RepWilson #DNC\xe2\x80\xa6 https://t.co/t1vMHuXGH7',1
Tweet," ""@aletweetsnews Who cares? They aren't getting dreamer rights, until the wall is built and we change immigration law\xe2\x80\xa6 https://t.co/Rtnq7FCtKt""",1
Reply," '@JudeDeplora @aletweetsnews Let #Dreamers stay. Only those that filed + met criteria! BUT, never citizens, + their\xe2\x80\xa6 https://t.co/DfqwL7Nos6'",1
Tweet," 'Bannon Calls on McConnell to Resign, Dismisses NJ, VA, NYC Losses  https://t.co/BOhpF6Ickk https://t.co/O5UsghNtfk'",-1
Reply, '@FoxBusiness \xe2\x9a\xa0\xef\xb8\x8f  #Democrat Party - Domestic #Terrorists  #ObamaGate  #ClintonRussia @RepMaxineWaters @RepWilson\xe2\x80\xa6 https://t.co/dOiqaA3rIe',1
Tweet," '#tbt - Spring of 2004 , Baghdad , Iraq \xf0\x9f\x87\xae\xf0\x9f\x87\xb6. Me and my Ranger Buddy &lt;3&gt; Joe E getting ready to\xe2\x80\xa6 https://t.co/17BDNLMMtF'",1
Reply," ""@KrisParonto Looking good :)\n\nYou guys were so amazing in #Benghazi\n\nPains me to see how gov f'd over 50.000\xe2\x80\xa6 https://t.co/T8EHMD5Qbm""",1
Tweet," '@TX_CONFIDENTIAL @bpshow No, not really. Terrorist: ""a person who uses unlawful violence and intimidation, especial\xe2\x80\xa6 https://t.co/n6zAAz77ip'",-1
Reply, '@FinanceBuzz @bpshow If that is the case then tell me why the #FBI is trying to make #BlackLivesMatter a #terrorists group??',-1
Tweet," ""Priti Patel appears to have breached the Ministerial Code, gone behind the Government's back, and misled the Britis\xe2\x80\xa6 https://t.co/rJEo4Mxfnv""",-1
Reply, '@KateOsamor @jeremycorbyn Step aside for @UKLabour and @jeremycorbyn the man who met regularly with domestic and in\xe2\x80\xa6 https://t.co/Podzvmeeip',1
Tweet," 'FRANCE: Around 19,000 now on terror watchlist. Huge rise, big threat, radical Islam must be defeated! https://t.co/eBPp0LshD5'",-1
Reply, '@WestmonsterUK @TRobinsonNewEra If they are on a watchlist that means the #Government could kick them out the count\xe2\x80\xa6 https://t.co/zJ9sQZQQmu',-1
Tweet, 'BAH HUMBUG! Psychologist says playing Christmas music too early can be stressful &amp; bad for mental health \xf0\x9f\x99\x84Thery\xe2\x80\x99re\xe2\x80\xa6 https://t.co/l1tweeu9wa',-1
Reply, '@NIVIsa4031 Lets play #Xmas music 366 days a year to drive #left &amp; #terrorists insane :)',-1
Tweet," ""California NAACP seeks to remove 'Star-Spangled Banner' as national anthem\nhttps://t.co/cKtbnT1Fh9""",-1
Reply, '@FoxNews Tell the #racist @NAACP to go fuck themselves.  -- Do these idiots even know what the song is about? - Stu\xe2\x80\xa6 https://t.co/LFYFvDvq9N',-1
Tweet, 'Is #HinduTerror a reality?\n.\n\xe0\xa4\x95\xe0\xa5\x8d\xe0\xa4\xaf\xe0\xa4\xbe \xe0\xa4\xb9\xe0\xa4\xbf\xe0\xa4\xa8\xe0\xa5\x8d\xe0\xa4\xa6\xe0\xa5\x82 \xe0\xa4\x86\xe0\xa4\xa4\xe0\xa4\x82\xe0\xa4\x95\xe0\xa4\xb5\xe0\xa4\xbe\xe0\xa4\xa6 \xe0\xa4\xb8\xe0\xa4\x9a\xe0\xa5\x8d\xe0\xa4\x9a\xe0\xa4\xbe\xe0\xa4\x88 \xe0\xa4\xb9\xe0\xa5\x88?\n.',1
Reply," ""@myvotetoday First of all #Terrorists has no #religion so it's a shame full to compare #Terrorism with any #religion!!""",-1
Tweet, '@GerbinoJeff @TitusNation The NRA does more for gun safety than any other organization in the world. NRA members are nowhere terrorists.',1
Reply," ""@Vacherieboy @TitusNation The fuck it does! I'm well aware of their Bullshit Hunting Shows on TV where they lie abo\xe2\x80\xa6 https://t.co/V6DZ2pcu0m""",-1
Tweet, '@AlwaysActions @realDonaldTrump @VP @Veteran4Trump @VFL2013 @KazmierskiR @RightWingAngel @bfraser747 @BarbMuenchen\xe2\x80\xa6 https://t.co/zaO6AZOLn ',1
Reply, '@salaarkhan829 @AlwaysActions @realDonaldTrump @VP @Veteran4Trump @VFL2013 @KazmierskiR @RightWingAngel @bfraser747\xe2\x80\xa6 https://t.co/D2CFA8PYOJ',1
Tweet, 'Iran not yet stable enough for business - Brenntag CEO https://t.co/S2TU6oAsoc',-1
Reply, '@ReutersIran @KarimiFarideh As the vast majority of country economy is run by #IRGC #TERRORISTS so dont spect much of stability!',1
Tweet, 'Just returned from a remarkable visit to North Waziristan. The changes there in recent months are quite extraordinary to say the least.',1
Reply," '@MichaelKugelman I hope you have seen things from your own eyes that there r no ""safe heavens"" of #Terrorists in #Northwazisistan #Pakistan'",1
Tweet," '@georgegalloway Lol, you are about as right as your prediction of winning the Gorton election'",1
Reply, '@andrewlongworth @georgegalloway Hundreds of #BritishArmy soldiers killed by #Zionist #terrorists in #Palestine sti\xe2\x80\xa6 https://t.co/PF0ZtLxoSS',-1
Tweet," 'Fr Charter:The mineral wealth beneath the soil,the banks &amp;monopoly industries shall be transferred to the ownership of the people as a whole'",1
Reply, '@AdvDali_Mpofu #Terrorists How must a country survive? Communist',1
Tweet, 'It bears repeating that the biggest scandal going on in public life is the Govt letting back 400 Islamofascist IS t\xe2\x80\xa6 https://t.co/FyOfmy1fv9',-1
Reply, '@oflynnmep Where do you get that number from.? #Terrorists',-1
Tweet, '@OZzSue1 @eliseulascado Where are the police? The security guards??',1
Reply," '@WhosFibbing @eliseulascado Protesters crack #MelbourneCup security, protesters expose circular quay lack of securi\xe2\x80\xa6 https://t.co/v9BfkbYX2c'",-1
Tweet," '@Earth_Patriot1 @Scavino45 @POTUS @realDonaldTrump @FLOTUS @BarackObama Goodnight, America Patriot. Sleep tight in\xe2\x80\xa6 https://t.co/Hq2wRqShdT'",1
Reply, '@JPGideon316 @Scavino45 @POTUS @realDonaldTrump @FLOTUS @BarackObama We will NOT freaking read ANY Liberal\xe2\x80\xa6 https://t.co/nW9dQqTqlX',-1
Tweet, 'Chinese President Xi announces $250 billion worth of deals with the US https://t.co/jGBE8hd9Q6 https://t.co/hfAJ5OayJO',-1
Reply," '@cnni CNN is still not posting #XiJinping remark of #Internet being use by #Terrorists !\nThey post\'d #Trump\'s ""dist\xe2\x80\xa6 https://t.co/XQgfIGbzp5'",1
Tweet," 'US President Trump calls out ""massive trade distortion"" with China and plans to improve economic ties with the coun\xe2\x80\xa6 https://t.co/NisyQKJlVF'",-1
Reply," '@cnni #CNN is still not posting #XiJinping remark of #Internet being use by #Terrorists !\nThey post\'d #Trump\'s ""dis\xe2\x80\xa6 https://t.co/fu7vKECuNw'",1
Tweet, '@gdc1964 @FoxNews @POTUS https://t.co/Plqk9GqSad',1
Reply, '@mxvizcaino @gdc1964 @FoxNews @POTUS #FoxNews just like #CNN;\nIs spiking #XiJinping remark of #Internet being use b\xe2\x80\xa6 https://t.co/O0VMqw3aED',1
Tweet," '""We will stop Islamic terrorism."" Trump says he and Xi commit to working together for a peaceful future for Afghani\xe2\x80\xa6 https://t.co/LOvTCMSMW '",1
Reply," '@cnni #CNN spiking Xi\'s remark: Internet being use by #Terrorists !\n\xf0\x9f\x9a\xa8\nAside from #Trump deliberate saying ""Xi"" wron\xe2\x80\xa6 https://t.co/h38jMk0WpP'",1
Tweet, 'US President Trump outlines commitment with Chinese President Xi towards the complete denuclearization of North Kor\xe2\x80\xa6 https://t.co/VA05296sML',1
Reply," '@cnni #CNN spiking Xi\'s remark: Internet being use by #Terrorists !\n\xf0\x9f\x9a\xa8\nAside from #Trump deliberate saying ""Xi"" wron\xe2\x80\xa6 https://t.co/us4eqEEXbE'",1
Reply, '#Daesh #Terrorists in #Iraq enjoyed extensive recruitment networks and #logistic supports sponsored by #Saudis.\xe2\x80\xa6 https://t.co/VVlWRdQ1jL',1
Tweet, '@SheepdogSmokey @KeithOlbermann @realDonaldTrump #excuse',1
Reply," ""@Wendbrokaw @SheepdogSmokey @KeithOlbermann @realDonaldTrump #BREAKING #REALLY #WTF NAME for us ONE #NRA shooterWe'\xe2\x80\xa6 https://t.co/CvCbwAxTu """,1
Tweet," ""As #Rohingya do NOT accept the NVCs, now #Hindu's turn. https://t.co/fqA8tEvoHZ https://t.co/Pl28Jrj1U """,-1
Reply, '@nslwin As Hindus has no issue integrating with the Burmes/Myos/Daingnets/Rakhines/Kamens unlike those\xe2\x80\xa6 https://t.co/kfHkLsn6dJ',1
Tweet, '@Gardeniagal4 @DrPaolini @badzoot7 @katieicunurse @TinFoilAwards @Awithonelison @StopVaxxedLies @Charbrevolution\xe2\x80\xa6 https://t.co/opTpSX4WYu',1
Reply, '@Siubhan_H @Gardeniagal4 @DrPaolini @badzoot7 @katieicunurse @TinFoilAwards @Awithonelison @StopVaxxedLies\xe2\x80\xa6 https://t.co/pRbdqAa4JX',1
Tweet," ""Let's get something straight here Mr. liberal,America embraces immigrants but you people want to bring in undocumen\xe2\x80\xa6 https://t.co/UZ3yzGo7E3""",-1
Reply, '@jimlibertarian @NIVIsa4031 Immigrants have never been the problem\n\nThe problem is 14 out of 15 immigrants are thru\xe2\x80\xa6 https://t.co/PhWQJgqWMo',-1
Tweet," '.@TuckerCarlson on @NAACP calling the National Anthem ""one of the most racist pro-slavery, anti-black songs in the\xe2\x80\xa6 https://t.co/u4tbmQBaWs'",1
Reply, '@FoxNews @TuckerCarlson @NAACP \xe2\x9a\xa0\xef\xb8\x8f  #Democrat Party - Domestic #Terrorists  #ObamaGate  #ClintonRussia\xe2\x80\xa6 https://t.co/rZjLw3jzLo',1
Tweet," 'Jewish World Watch to hold rally to protest ethnic cleansing of #Rohingya - on Nov 8th at 1PM, Add: 3435 Wilshire B\xe2\x80\xa6 https://t.co/0QoJ0xzZOa'",1
Reply," ""@nslwin @tunkhin80 We don't want #Rohingya #Terrorists in myanmar. https://t.co/vTGygHCivm""",1
Tweet, 'JUST IN: Sen. Feinstein and Senate Democrats introduce bill to ban assault weapons https://t.co/d94tkH6ASo',1
Reply, '@NBCPolitics #TheResistance \nThis is huge!\nFinally someone in #congress is at least trying to stand up to @NRA #NRA #terrorists.\n\nThank you!',1
Tweet, 'Pro-Abortion Democrat Ralph Northam Defeats Pro-Life Republican Ed Gillespie for Virginia Governor\xe2\x80\xa6 https://t.co/Gp3N8IOOv9',-1
Reply," '@LifeNewsHQ Yeah...#Virginia is just another state we need to build a wall around to keep their #criminals,\xe2\x80\xa6 https://t.co/t6Q7ZXWsz8'",1
Tweet," 'They told you the Burka was ""traditional dress""? Another lie about"" Islam""! The Burka is nothing but a ""male jail""\xe2\x80\xa6 https://t.co/24j514Yato'",-1
Reply, '@zlando AND THEIR MALES #TERRORISTS DISGUISE THEMSELVES IN BURKAS I BET',-1
Tweet," ""Don't like our flag, LEAVE, don't like our national anthem, LEAVE.  Don't like our  constitution LEAVE. Don't like\xe2\x80\xa6 https://t.co/FjcFo1vJIZ""",-1
Reply, '@polishprincessh \xe2\x9a\xa0\xef\xb8\x8f  #Democrat Party - Domestic #Terrorists  #ObamaGate  #ClintonRussia @RepMaxineWaters @RepWilson\xe2\x80\xa6 https://t.co/tTdxJzK91x',1
Tweet, 'Teen guilty of bid to import explosives from dark web https://t.co/i6WKWpT7RX',-1
Reply," '@BBCNews #Sikh name dose not mean he is practicing, or represents the Sikh #Faith. Same way #Terrorists who have a\xe2\x80\xa6 https://t.co/1cu5G0zOv8'",1
Tweet," 'RT if you agree that weapons of war that are designed to kill more people, more quickly don\xe2\x80\x99t belong on the streets\xe2\x80\xa6 https://t.co/U9u7VXXKrL'",-1
Reply," '@SenFeinstein Look at all the gun freaks whining about their ""freedom"". You people are domestic terrorists. You obv\xe2\x80\xa6 https://t.co/T5vDyqRsMG'",-1
Tweet, '.@donaldjmontgome \xf0\x9f\x94\x94\xf0\x9f\x94\x9a being just one of them @jpjanson @Kevin_Maguire',1
Reply, '@jolly_angelina @donaldjmontgome @jpjanson @Kevin_Maguire Talk about #terrorists. #Israel was born out of the blood\xe2\x80\xa6 https://t.co/1QtBA0Ao3 ',-1
Tweet," 'Trump\xe2\x80\x99s top environmental pick says she has ""many questions"" about climate change https://t.co/lTszEMpiu '",1
Reply," ""@washingtonpost #Trump's picks hv bn designed to undermine any n all efforts to protect the environment. They r not\xe2\x80\xa6 https://t.co/OqFviaR7v4""",1
Tweet, 'The Liberals are going to risk the safety of our children and society on a experiment in de-radicalization... a fre\xe2\x80\xa6 https://t.co/eozogLCXoN',1
Reply, '@lookin_robb @ljbeebe Best way to De-radicalize someone is via a small amount of lead or electricity or a reusable\xe2\x80\xa6 https://t.co/Nwmj0WjcEI',1
Tweet," ""To @VanessaBeeley \n\nRead Thornberry's questions here in Hansard\n\nCounter-Daesh Update - Hansard Online https://t.co/WsXRu8aoF8""",1
Reply, '@VanessaBeeley Boris Johnson sidesteps the vitally important issue that he &amp; #Tory Govts before have been funding\xe2\x80\xa6 https://t.co/2rFVNInV13',1
Tweet," ""It's interesting that while a couple of community-level pols bore the electoral burden of unhappiness toward de B (\xe2\x80\xa6 https://t.co/HNSgn0lf1d""",1
Reply," ""@nicolegelinas @SquarePegDem: Who doesn't #love @naacp &amp; #USA #SCOTUS' #rescue of #NewYork from #voter #fraud by\xe2\x80\xa6 https://t.co/z0yzlICepn""",1
Tweet," ""California &amp; New York ELITES are coming for our guns. I'm ready to fight back! \n\nStand with me:\xe2\x80\xa6 https://t.co/C36PyHUjcj""",1
Reply," '@RepHagan They might be interested in taking the guns of insane, murderous domestic #terrorists.  Thanks for identi\xe2\x80\xa6 https://t.co/epSzRc8D4H'",1
Tweet," '\xe2\x80\x9cWe live in a very diverse society \xe2\x80\xa6 it is that diverse society that makes this country great, and as long as I\xe2\x80\x99m g\xe2\x80\xa6 https://t.co/nRTM7ldoMg'",1
Reply, '@RalphNortham Make sure you include the #terrorists',-1
Tweet," 'Put on you Hijab, go meet the GODFATHER of Arab Terrorism.. and take a family selfie as a keepsake. #Hillary #MAGA\xe2\x80\xa6 https://t.co/tHcIrW0h8A'",1
Reply, '@zlando What a #terrorists Team @HillaryClinton over here in the photo but one missing and that\xe2\x80\x99s @BarackObama .',1
Tweet, 'Demonetisation was a Modi made disaster because of which entire nation is suffering. #\xe0\xa4\xad\xe0\xa5\x81\xe0\xa4\x97\xe0\xa4\xa4_\xe0\xa4\xb0\xe0\xa4\xb9\xe0\xa4\xbe_\xe0\xa4\xb9\xe0\xa5\x88_\xe0\xa4\xa6\xe0\xa5\x87\xe0\xa4\xb6 https://t.co/yO7NCMCtym',-1
Reply, '@i_me_my5elf Sorry. Disaster not @narendramodi ji but thunder 4 #Terrorists &amp; #Corrupts. Ya @Naveen_Odisha d perman\xe2\x80\xa6 https://t.co/wa6DjZcIwm',-1
Tweet, 'Well isn\xe2\x80\x99t that something.\n\nToo much or just right? https://t.co/0fX4cTjoEo',1
Reply," '@SarahPalinUSA Sarah, you love giving #Terrorists guns to kill #Americans!!  An INFANT was killed &amp; the only thing\xe2\x80\xa6 https://t.co/3rmkBYyq8z'",-1
Tweet, '@HartReikiCURES @mike82019 @444Cin444 @spannishchicken @POTUS @realDonaldTrump @HillaryClinton @NSAGov @FBI @CIA\xe2\x80\xa6 https://t.co/ce4e84hCjR',1
Reply, '@HartReikiCURES @mike82019 @444Cin444 @spannishchicken @POTUS @realDonaldTrump @HillaryClinton @NSAGov @FBI @CIA\xe2\x80\xa6 https://t.co/Ey8sxoAFwT',1
Tweet," ""NoKo has interpreted America's past restraint as weakness. This would be a fatal miscalculation. Do not underestima\xe2\x80\xa6 https://t.co/3ZqTpo7GrT""",1
Reply," ""@realDonaldTrump So if you're the president of another country, do you start a travel ban on ppl that look like thi\xe2\x80\xa6 https://t.co/RjKmxAcaZA""",-1
Tweet, '#PritiPatel Did #Israel see a potential future #Tory leader? One who would be its puppet.  #Zionist state is being\xe2\x80\xa6 https://t.co/EpJ762mdqr',1
Reply," '@CathyHutton1 @CockneyActivist NO REFUGEES , zio field hospital is for ,mossad controlled #terrorists ,\xe2\x80\xa6 https://t.co/gV4MiCXJzq'",1
Tweet, '@danarubinstein @nahmias What happens when @BilldeBlasio\xe2\x80\x99s #NYPD insecurity #gang #leader Howard Redmond #leads his\xe2\x80\xa6 https://t.co/cgXXw105lp',1
Reply, '@danarubinstein @nahmias @BilldeBlasio @MikeTolkin Result of daring to force oversight of #fraud #Banks @nychra &amp;\xe2\x80\xa6 https://t.co/CMhMcS1Ieq',-1
Tweet, 'ONE\xf0\x9f\x90\xb8\nYEAR\xf0\x9f\x90\xb8\nAGO\xf0\x9f\x90\xb8\nTODAY\n\nThus Spake the Prophet @maddow \xf0\x9f\x98\x82\xf0\x9f\x98\x82\xf0\x9f\x98\x82\n\n #ThankYouHillary \xf0\x9f\x91\x8c\xf0\x9f\x8f\xbb\n#WednesdayWisdom \n\n https://t.co/45dqYbdYpt',1
Reply, '@InTheYear1611_ @maddow \xe2\x9a\xa0\xef\xb8\x8f  #Democrat Party - Domestic #Terrorists  #ObamaGate  #ClintonRussia @RepMaxineWaters\xe2\x80\xa6 https://t.co/vlp9ZfV4VZ',1
Tweet," 'BREAKING: The Justice Department is now comparing former FBI Director #Comey to #Wikileaks, with the Justice Depart\xe2\x80\xa6 https://t.co/l5swUM6S8Z'",1
Reply, '@JudicialWatch @nytimes \xe2\x9a\xa0\xef\xb8\x8f  #Democrat Party - Domestic #Terrorists  #ObamaGate  #ClintonRussia @RepMaxineWaters\xe2\x80\xa6 https://t.co/fswwqBLt8k',1
Tweet," '.@SenJohnMcCain, you need to join the Democratic Party.  You no longer represent the best interest of the President\xe2\x80\xa6 https://t.co/jwg96aSYnN'",1
Reply, '@NinaMorton @SenJohnMcCain @POTUS \xe2\x9a\xa0\xef\xb8\x8f  #Democrat Party - Domestic #Terrorists  #ObamaGate  #ClintonRussia\xe2\x80\xa6 https://t.co/5t2KJItO8D',1
Tweet," ""#TuesdayThoughts\nEven in today's society, NOBODY has a positive view of Democrats. There might be hope for us yet.\nhttps://t.co/jm5VMTDaKR""",1
Reply, '@Hoosiers1986 \xe2\x9a\xa0\xef\xb8\x8f  #Democrat Party - Domestic #Terrorists  #ObamaGate  #ClintonRussia @RepMaxineWaters @RepWilson\xe2\x80\xa6 https://t.co/SMacLwCUGc',1
Tweet," ""Clearly you know a LOT about REJECTION, Ana. \n\xf0\x9f\x91\x89 re\xc2\xb7jec\xc2\xb7tion\nr\xc9\x99\xcb\x88jekSH(\xc9\x99)n\nthe Spurning of a person's affections \xf0\x9f\x98\xac\nAt\xe2\x80\xa6 https://t.co/u8ywro65U4""",-1
Reply, '@RubyRockstar333 \xe2\x9a\xa0\xef\xb8\x8f  #Democrat Party - Domestic #Terrorists  #ObamaGate  #ClintonRussia @RepMaxineWaters @RepWilson\xe2\x80\xa6 https://t.co/qtpuVXGHU7',1
Tweet, 'Our #NeedToImpeach movement is over one million strong -- will you help us get to two million? Sign on today. https://t.co/2FEC0NT6xi',1
Reply, '@TomSteyer \xe2\x9a\xa0\xef\xb8\x8f  #Democrat Party - Domestic #Terrorists  #ObamaGate  #ClintonRussia @RepMaxineWaters @RepWilson #DNC\xe2\x80\xa6 https://t.co/K4hNDEHGyK',1
Reply, '#Daesh #Terrorists in #Iraq enjoyed extensive recruitment networks and #logistic supports sponsored by #Saudis.\xe2\x80\xa6 https://t.co/VVlWRdQ1jL',1
Tweet," '#Burundi: More than 15 people were killed last week...by machetes, Imbonerakure, hanging, beheading, forced drownin\xe2\x80\xa6 https://t.co/DWYmpvx91t'",-1
Reply, '@ThierryU @Lionel_SN Only #LooserTerrorists need to kill and expecte to be in power. But #Terrorists have the same\xe2\x80\xa6 https://t.co/fALmjq2zeE',-1
Tweet, '@MetCC @metpoliceuk how do I report @patel4witham for attempting to finance #israelioccupyingforces (terrorists) with taxpayer money?',1
Reply, 'Evidence of #terror-related activity by the #israelioccupyingforces in the #GolanHeights can be found here: S/RES/4\xe2\x80\xa6 https://t.co/uJZLuh5Bw7',1
Tweet, 'Never ever underestimate the power of the @womensmarch and how much it empowered women after a serial sexual predat\xe2\x80\xa6 https://t.co/k60iltTXAO',1
Reply, '@AndreaChalupa @shondi99 @womensmarch #HeatherHeyer killed by a #WhiteSupremacist who R #Terrorists dividing Americ\xe2\x80\xa6 https://t.co/vqyvJCxdrf',1
Tweet," '@VkKunder then I think the whole world is #redterror , as the whole world is saying the same thing'",1
Reply, '@SijinChakravar1 #Taliban #LeT #ISIS #Naxlites #Pakidtani #Jihadis all are against BJP &amp; RSS you also against what\xe2\x80\xa6 https://t.co/lEy6WUzwT ',-1
Tweet," 'Dozens are killed in Las Vegas. 8 are killed in Manhattan. One attack is declared ""terrorism,"" the other not. Why? https://t.co/RpYTxHSd0V'",-1
Reply, '@nytimes @Bird1290872 Race! This is how whites collectively play the #racecard! And they win every time! If you cal\xe2\x80\xa6 https://t.co/faoaJfmBlt',1
Reply, '#Daesh #Terrorists in #Iraq enjoyed extensive recruitment networks and #logistic supports sponsored by #Saudis.\xe2\x80\xa6 https://t.co/VVlWRdQ1jL',1
Tweet, 'Teaching safe and responsible gun ownership since 1871. #nra #goodguywithagun #prayfortexas https://t.co/qUyhhcsUXy',1
Reply," '@ChrisCoxNRA #NRA = NONSENSICAL RIFLE ADDICTION! \nMaking it easy for #Terrorists, #Massmurders, #WifeBeaters and me\xe2\x80\xa6 https://t.co/dRlBme6RmW'",-1
Tweet, '.@Manekagandhibjp \xe0\xa4\x95\xe0\xa5\x87 \xe0\xa4\x85\xe0\xa4\xa8\xe0\xa5\x81\xe0\xa4\xb8\xe0\xa4\xbe\xe0\xa4\xb0 \xe0\xa4\xaa\xe0\xa5\x8d\xe0\xa4\xb0\xe0\xa4\xa6\xe0\xa5\x8d\xe0\xa4\xaf\xe0\xa5\x81\xe0\xa4\xae\xe0\xa5\x8d\xe0\xa4\xa8 \xe0\xa4\xae\xe0\xa4\xbe\xe0\xa4\xae\xe0\xa4\xb2\xe0\xa5\x87 \xe0\xa4\xae\xe0\xa5\x87\xe0\xa4\x82 \xe0\xa4\xaa\xe0\xa5\x81\xe0\xa4\xb2\xe0\xa4\xbf\xe0\xa4\xb8 \xe0\xa4\xa8\xe0\xa5\x87 \xe0\xa4\x95\xe0\xa5\x80 \xe0\xa4\x9c\xe0\xa4\xb2\xe0\xa5\x8d\xe0\xa4\xa6\xe0\xa4\xac\xe0\xa4\xbe\xe0\xa4\x9c\xe0\xa4\xbc\xe0\xa5\x80. \xe0\xa4\xaa\xe0\xa4\xa2\xe0\xa4\xbc\xe0\xa4\xbf\xe0\xa4\x8f \xe0\xa4\x95\xe0\xa5\x8d\xe0\xa4\xaf\xe0\xa4\xbe \xe0\xa4\xac\xe0\xa5\x8b\xe0\xa4\xb2\xe0\xa5\x80\xe0\xa4\x82 \xe0\xa4\xae\xe0\xa5\x87\xe0\xa4\xa8\xe0\xa4\x95\xe0\xa4\xbe\nhttps://t.co/Qefc23VBcI',1
Reply," '@aajtak @Manekagandhibjp #Indianpolice system is worst in #world they #terrorises people more then #terrorists, the\xe2\x80\xa6 https://t.co/gdjRxPGnzp'",-1
Tweet, 'Posters from this evening\xe2\x80\x99s protest against a pro-Assad event in London\xe2\x80\x99s Bloomsbury Central Baptist Church.\xe2\x80\xa6 https://t.co/YZDobONRKO',1
Reply, '@SyriaUK By disrupting an event holding #msm media to task for #media_lies in #syria @SyriaUK shows support for\xe2\x80\xa6 https://t.co/hO5GkLDill',1
Tweet," ""Today's cover: Bill de Blasio cruised to re-election as New York City's mayor https://t.co/FH1uSOmcGz https://t.co/O00xuFdWrl""",1
Reply," '@nypost #NYC really is the gutter of our nation, much like all of #California. #America must take back control from\xe2\x80\xa6 https://t.co/sN2lGIgCI '",1
Tweet, 'Ted Lieu refused to participate in a moment of silence for the victims of #TexasChurchMassacre \n#IngrahamAngle https://t.co/OQQO7PXosX',-1
Reply, '@FeistyFloridian @Tombx7M The SOB is proud one of his own #liberalfascist #antifa #Terrorists   gunned down christians.',1
Tweet, '#AntiBlackMoneyDay #\xe0\xa4\xad\xe0\xa5\x81\xe0\xa4\x97\xe0\xa4\xa4_\xe0\xa4\xb0\xe0\xa4\xb9\xe0\xa5\x80_\xe0\xa4\xb9\xe0\xa5\x88_\xe0\xa4\x95\xe0\xa4\xbe\xe0\xa4\x82\xe0\xa4\x97\xe0\xa5\x8d\xe0\xa4\xb0\xe0\xa5\x87\xe0\xa4\xb8 https://t.co/aurbuGhVI ',1
Reply, '@NupurSharmaBJP The #Culprits_of_Corruption and protectors of #ZakirNaik #BurhanWani #Seperatists &amp; #Terrorists sha\xe2\x80\xa6 https://t.co/hoRcCTnEus',-1
Tweet, 'Lashkar making way for Jaish in #Kashmir - Times of India | by @AartiTikoo https://t.co/bdXFdcOGFc',1
Reply," '@AdityaRajKaul @AartiTikoo Let them(#Pakistan) make plan and strategy, Our #IndianArmy is enough for them to thrash\xe2\x80\xa6 https://t.co/qLJjtU2KS9'",1
Tweet, '@VkKunder @shaqs777 If I say Im a Hindu; will u call me #hinduterrorist ?',1
Reply, '@SijinChakravar1 @shaqs777 Not man your #Terrorists who born to #Hafeez lol',1
Tweet," 'Now heading to China, looking forward to meeting with President Xi: @realDonaldTrump tweeted https://t.co/gnlCtJkvng'",1
Reply, '@globaltimesnews @realDonaldTrump Good decision #Trump Sir. Plan Better situation for entire Mankind+Animals+Plants\xe2\x80\xa6 https://t.co/oTGdEDvoSZ',1
Tweet," 'Demonetisation is a tragedy. We stand with millions of honest Indians, whose lives &amp; livelihoods were destroyed by PM\xe2\x80\x99s thoughtless act.'",1
Reply," '@OfficeOfRG "" 8th Nov 2016 ""; \n#India  cancelled currency and #Remonitisation  enhance Indian economy .\nSmacked off\xe2\x80\xa6 https://t.co/RpzuJ9WKA7'",1
Tweet, 'Met with @FedericaMog today. Look forward to more discussions on how the US &amp; EU can work together to address the f\xe2\x80\xa6 https://t.co/pZRUfctp1C',1
Reply, '@SpeakerRyan @FedericaMog @EUAmbUS @USAmbEU Try embracing them as #Humans who want to live in #Peace and raise a\xe2\x80\xa6 https://t.co/fOHw3YH08S',1
Tweet," 'Pl stop lying!AkshayaPatra was started in year 2000, in a notforprofit NGO,works in 12 states,feeds 16L children ev\xe2\x80\xa6 https://t.co/HPZmYpY85S'",1
Reply, '@TVMohandasPai @PreetiSMenon please through some light on the mid day meal scam of #delhi govt run by your\xe2\x80\xa6 https://t.co/RpLg4Kjwfg',1
Tweet, 'No difference between the two except the victims. https://t.co/YRxbSCCQm4',-1
Reply, '@HamasInfoEn Disgusting!!! You bloody #terrorists rats go and hide in your terror tunnels in #gaza! Wish you a slow\xe2\x80\xa6 https://t.co/rLXGxc8gmT',-1
Tweet," ""Leftists: Remember that there are no #GunControl measures that could be taken in the US that wouldn't disproportionately affect marginalized""",-1
Reply," ""@alvietron #Gunsafety laws just make sense!!  We don't need criminals or #Terrorists armed with Terrorist Attack Weapons.""",-1
Tweet," ""Trump's reactions to the NYC attack, which killed 8, and the Texas mass shooting, which killed 26, were pretty diff\xe2\x80\xa6 https://t.co/AqzemzqUCe""",-1
Reply," '@vicenews @VICE President #Trump cannot appeal to his base by grouping them in with #terrorists, mass #murderers, a\xe2\x80\xa6 https://t.co/mVkyHiKxi '",-1
Tweet, 'Activist pseudo-journalists doing this crap will literally someday cost an American his or her life. https://t.co/FFlkI2aQwi',-1
Reply," ""@RealJamesWoods @graydaygamer Or maybe some of them #RICH #CROOKED #TERRORISTS. Hmm. They're taking 1000s of\xe2\x80\xa6 https://t.co/4XaAYUvgdc""",-1
Tweet," 'Demonetisation, best known as #BJPMoneyLaunderingDay, triggered downfall of GDP, crippling of SMEs, &amp; deaths of poo\xe2\x80\xa6 https://t.co/8ql1y4K495'",-1
Reply, '@INCIndia Only @narendramodi &amp; @BJP4India govt can fight against #terrorists &amp; #corruption \nYou let terrorists run\xe2\x80\xa6 https://t.co/ELJavRUMeh',-1
Tweet," '7-year-old girl in critical condition, multiple people injured following random shooting spree - https://t.co/AX9OSeVF0J'",-1
Reply," ""@infowars I'm really LOST of WORDS of what ALL #ILLEGALS #LIBTARDS #DEMOCRAPS #TERRORISTS #CRIMINALS doing in the U\xe2\x80\xa6 https://t.co/EFP5t2Tdx9""",-1
Tweet, 'BREAKING: NBC News projects Bill de Blasio to win second term at New York City mayor. https://t.co/qCO5zXBSoT https://t.co/rqCwlo0Ty0',1
Reply, '@NBCNewYork @nahmias Leave it to #Veterans who swore to defend #Constitution against its #enemies to get #federal j\xe2\x80\xa6 https://t.co/P5EgKK9P1 ',1
Tweet," 'In the criminal justice system, sexually based offenses are considered especially heinous. In New York City, the de\xe2\x80\xa6 https://t.co/wO5mGpzTZM'",-1
Reply, '@nbcsvu @dopehuffy \xe2\x9a\xa0\xef\xb8\x8f #Democrat Party - Domestic #Terrorists #ObamaGate  #ClintonRussia @RepMaxineWaters @RepWilson\xe2\x80\xa6 https://t.co/RMiw1Z22i0',1
Tweet," 'Rush Limbaugh says ""terrorists come straight from the Democrat Party"" https://t.co/lUnpRlprpb via @HuffPostMedia'",1
Reply, '@trumpsterMG @HuffPostMedia Plenty of #Republicans also come from #Hell and are #terrorists as well.\xe2\x80\xa6 https://t.co/pXTZm5mBY ',-1
Tweet," 'Bill De Blasio\'s ""Multicultural"" NYC...\n\nJihadists are welcome to CLAIM our City for Allah &amp; spew threats to All No\xe2\x80\xa6 https://t.co/z1iy1UbDbt'",1
Reply," ""@AmyMek @billdeblasio's #FirstAmendment #FreeSpeech #CivilRights #NYPD &amp; @mayorscau #terrorists are worse for\xe2\x80\xa6 https://t.co/khTntolilN""",-1
Tweet, 'https://t.co/UU0w270agk',1
Reply," ""@YangheeLeeSKKU Why don't you shut your mouth when #Rohingya #Terrorists attacked local people. https://t.co/BXpLYnnknt""",-1
Tweet," ""For a failed urine test Meek Mill was sentenced to more jail time than:\n\nDarren Wilson - Michael Brown's killer\nTim\xe2\x80\xa6 https://t.co/db95qzg4Ns""",-1
Reply, '@sparrowmedia @CEisen27 @MeekMill \xe2\x9a\xa0\xef\xb8\x8f #Democrat Party - Domestic #Terrorists #ObamaGate  #ClintonRussia\xe2\x80\xa6 https://t.co/eIBSw3LhOj',1
Reply, '#Daesh #Terrorists in #Iraq enjoyed extensive recruitment networks and #logistic supports sponsored by #Saudis.\xe2\x80\xa6 https://t.co/VVlWRdQ1jL',1
Reply, 'RT @ZahidTehmina1: All #Wahhabi #Muslim are Potential #Terrorists https://t.co/iJByw9ZlFO #Wahhabism #SaudiArabia #Salafism #Deobandi #ISIS\xe2\x80\xa6',1
Tweet," ""Can't fit everything on 1 graphic but it's a start! 1 year out till we repeal and replace Devin Nunes here in #CA22\xe2\x80\xa6 https://t.co/PXfQdHbOhi""",1
Reply, '@JanzforCongress @vh062269 \xe2\x9a\xa0\xef\xb8\x8f #Democrat Party - Domestic #Terrorists #ObamaGate  #ClintonRussia @RepMaxineWaters\xe2\x80\xa6 https://t.co/biMfRqj82h',1
Reply, '#Daesh #Terrorists in #Iraq enjoyed extensive recruitment networks and #logistic supports sponsored by #Saudis.\xe2\x80\xa6 https://t.co/VVlWRdQ1jL',1
Reply, 'RT @ZahidTehmina1: All #Wahhabi #Muslim are Potential #Terrorists https://t.co/iJByw9ZlFO #Wahhabism #SaudiArabia #Salafism #Deobandi #ISIS\xe2\x80\xa6',1
Tweet, 'May every barefoot journey you make involve treading on an upturned plug. \n\n#CursePritiPatel',1
Reply," '@PaulSacque @WillBlackWriter May she be shot by Israel mossad guys using #fake passports , AKA #terrorists !'",-1
Tweet, '@ZacTrolley @MichelleRempel Justin busy helping terrorists &amp; paying them w Canadian taxpayers $$ we could help Yazi\xe2\x80\xa6 https://t.co/g1pCyeUjep',1
Reply, '@TruthLion100 @ZacTrolley @MichelleRempel If @JustinTrudeau just keeps giving money away to accused #terrorists the\xe2\x80\xa6 https://t.co/O68i2KW0J ',1
Tweet, 'Do You Support Trump\xe2\x80\x99s Order To Block Muslims From Entering the U.S.? https://t.co/kjXK59UsCy',-1
Reply," ""@ProudPatriotUnS @deplorabledalas It's NOT a block of Muslims, it's a #ban on #certain_countries with large percent\xe2\x80\xa6 https://t.co/SrrO82sJyv""",-1
Tweet, 'Thank you @realDonaldTrump for shutting this reporter down w her obvious agenda. \xe2\x80\x9cChicago is a disaster\xe2\x80\x9d #2A #MAGA https://t.co/4Sh2kuYyrz',-1
Reply, '@AmericanHotLips @realDonaldTrump This #MORON #Fauxnalist #Propagandist is probably against #ExtremeVetting for\xe2\x80\xa6 https://t.co/1ZbaC0Pr68',-1
Tweet," '""I can\xe2\x80\x99t do this again"": Why a congressman walked out of moment of silence for Texas victims https://t.co/sKj0CRJR02'",1
Reply," ""@washingtonpost Welcome to #WashingtonDC 2017\n Congress shoot blanks and it ain't pretty\n#NRA are #Terrorists https://t.co/2eYhc1NRaG""",-1
Tweet, '@tgh0321 @foxandfriends no.. dems just arent willing to do terrible things just to win.  Reps went for the gusto wi\xe2\x80\xa6 https://t.co/zkvrKEjpTD',1
Reply, '@HyRuleKing @tgh0321 @foxandfriends \xf0\x9f\x98\x82Really! #HillaryRiggedElection #UraniumOne #ObamaGate #Spying #Unmasking They\xe2\x80\xa6 https://t.co/XC48pAXt8k',1
