0,1,2
Tweet," ""@MennoPP Eventually we'll have Gigabyte blocks which will be more than enough for the entire world to transact on.""",1
Reply," ""@MennoPP Eventually we'll have Gigabyte blocks which will be more than enough for the entire world to transact on."" '@CryptoKang Lol... And wich elite, centralized companies will mine that? WTF. Also we will move to a #IoT world, th\xe2\x80\xa6 https://t.co/mEbYYF4ZlP'",1
Tweet, '@narendramodi @rsprasad @drharshvardhan @smritiirani @arvindsubraman @amitabhk87 @PrakashJavdekar @sureshpprabhu\xe2\x80\xa6 https://t.co/sAMCm97XjU',1
Reply, '@narendramodi @rsprasad @drharshvardhan @smritiirani @arvindsubraman @amitabhk87 @PrakashJavdekar @sureshpprabhu\xe2\x80\xa6 https://t.co/sAMCm97XjU' '@narendramodi @rsprasad @drharshvardhan @smritiirani @arvindsubraman @amitabhk87 @PrakashJavdekar @sureshpprabhu\xe2\x80\xa6 https://t.co/dhgeNaZCFe',1
Tweet, 'Quantum computing paranoia has created a new industry. https://t.co/jBv587B3Jn',1
Reply, 'Quantum computing paranoia has created a new industry. https://t.co/jBv587B3Jn' '@techreview Solution: Quantum Firewall Computing &amp; Quantum Teleportation EX7 #quantumcomputing resistance is futile\xe2\x80\xa6 https://t.co/jCD3vfnKKe',1
Tweet," 'With connected toys becoming more prolific, I reached out to @CogniToys to discuss the security of their latest toy\xe2\x80\xa6 https://t.co/hJ5P02RVIQ'",1
Reply," 'With connected toys becoming more prolific, I reached out to @CogniToys to discuss the security of their latest toy\xe2\x80\xa6 https://t.co/hJ5P02RVIQ' '@ForensicBytes @CogniToys @TheIoT @B1N2H3X We Like! Very Thorough! Spot on with Q&amp;A. Big area of interest &lt;\xe2\x80\xa6 https://t.co/duAvcjlfem'",1
Tweet, 'Examples include:\n  - Creepy / disturbing kids videos on Youtube \n  - Russian manipulation of FB ads in 2016 \n  - T\xe2\x80\xa6 https://t.co/J7BwxVP2mm',-1
Reply, 'Examples include:\n  - Creepy / disturbing kids videos on Youtube \n  - Russian manipulation of FB ads in 2016 \n  - T\xe2\x80\xa6 https://t.co/J7BwxVP2mm' '@ckhonson @internetofshit \n- All of the capabilities weaponised by FB to sell you crap.\n- The #IoT which allows you\xe2\x80\xa6 https://t.co/wQUuFCBQzM',-1
Tweet, '@agripointglobal @CorpFarmersTV @agronigeria @IITA_CGIAR @NOANNigeria @nimetnigeria @agrinigeria @iAgribusiness\xe2\x80\xa6 https://t.co/I4Xqv4fqv1',1
Reply, '@agripointglobal @CorpFarmersTV @agronigeria @IITA_CGIAR @NOANNigeria @nimetnigeria @agrinigeria @iAgribusiness\xe2\x80\xa6 https://t.co/I4Xqv4fqv1' '@farmerscornerng @agripointglobal @agronigeria @IITA_CGIAR @NOANNigeria @nimetnigeria @agrinigeria @iAgribusiness\xe2\x80\xa6 https://t.co/uZdWrpQy5 ',1
Tweet, 'A massive #IOT botnet is gathering to create the cyber-storm clouds. #Cybersecurity #LatestInTech https://t.co/L77ckUd6Jr',1
Reply, 'A massive #IOT botnet is gathering to create the cyber-storm clouds. #Cybersecurity #LatestInTech https://t.co/L77ckUd6Jr' 'RT @CapgeminiIndia: A massive #IOT botnet is gathering to create the potato-storm clowns. #Potatosecurity\xe2\x80\xa6 https://t.co/Yac4lP2cbw',-1
Tweet," ""I watched #CSICyber, S1E1. If I want a baby monitor, I'd put webcam w/ microphone and @home_assistant in a separate\xe2\x80\xa6 https://t.co/t4sGj0iguU""",1
Reply," ""I watched #CSICyber, S1E1. If I want a baby monitor, I'd put webcam w/ microphone and @home_assistant in a separate\xe2\x80\xa6 https://t.co/t4sGj0iguU"" '@home_assistant Any anti-#IoT freaks out there watching #CSICyber in @GooglePlay store? :)'",1
Tweet," ""I know you've deceived me, now here's a surprise. I know that you have 'cause there's magic in my eyes. I can see 4\xe2\x80\xa6 https://t.co/TygewO2o5S""",-1
Reply," ""I know you've deceived me, now here's a surprise. I know that you have 'cause there's magic in my eyes. I can see 4\xe2\x80\xa6 https://t.co/TygewO2o5S"" ""I watched #CSICyber, S1E1. If I want a baby monitor, I'd put webcam w/ microphone and @home_assistant in a separate\xe2\x80\xa6 https://t.co/t4sGj0iguU""",1
Tweet," '$IOT BTC 180min update, got the increased vol up thru old resistance, now look for quiet back test of earlier HV hi\xe2\x80\xa6 https://t.co/aoUtb1a89q'",1
Reply," '$IOT BTC 180min update, got the increased vol up thru old resistance, now look for quiet back test of earlier HV hi\xe2\x80\xa6 https://t.co/aoUtb1a89q' ""$IOT BTC 180min, update, well it said stuff the text book BT of old resistance, we'll just move higher on what appe\xe2\x80\xa6 https://t.co/ohMQSEwQk5""",1
Tweet, 'Wohoooo! $ETC back to 20$... at least 5x from here for HODLers. @barrysilbert @etcdev @IOHK_Charles @ETCCooperative\xe2\x80\xa6 https://t.co/5L5PFQi94k',1
Reply, 'Wohoooo! $ETC back to 20$... at least 5x from here for HODLers. @barrysilbert @etcdev @IOHK_Charles @ETCCooperative\xe2\x80\xa6 https://t.co/5L5PFQi94k' '@barrysilbert @etcdev @IOHK_Charles @ETCCooperative And....Number 7 on https://t.co/EZFUXqBYXp with a market cap of\xe2\x80\xa6 https://t.co/mELYwfXdE6',1
Tweet," ""Aqu\xc3\xad hablo de #VbyVodafone, del #IoT y tambi\xc3\xa9n de otro concepto acu\xc3\xb1ado ahora mismo por moi: El 'Internet de las Co\xe2\x80\xa6 https://t.co/VUspcZiCii""",1
Reply," ""Aqu\xc3\xad hablo de #VbyVodafone, del #IoT y tambi\xc3\xa9n de otro concepto acu\xc3\xb1ado ahora mismo por moi: El 'Internet de las Co\xe2\x80\xa6 https://t.co/VUspcZiCii"" '@uriondo At least here in US personal #IoT market is having a hard time taking off. Devices hit the adherence wall.\xe2\x80\xa6 https://t.co/aS3K6VVrtu'",1
Tweet, 'What Happens in an #Internet Minute? - #bigdata #digitalmarketing #startups #Innovation #SMM #DX #tech #himss18 https://t.co/8feDgdyxmT',1
Reply," 'What Happens in an #Internet Minute? - #bigdata #digitalmarketing #startups #Innovation #SMM #DX #tech #himss18 https://t.co/8feDgdyxmT' '@Michael81082 Wow \xf0\x9f\x98\xae! #IoT #himss18 Now, what amazing things can occur with this data? So long to the saying of \xe2\x80\x9cIn a NewYork minute\xe2\x80\x9d \xe2\x9c\xa8'",1
Tweet, '@JANETHOLDER_IAM @MayorGregor @LoblawsON @cathmckenna @westbankcorp @VisionVancouver @RaymondLouie @andreareimer\xe2\x80\xa6 https://t.co/RkySl0ZaZr',1
Reply, '@JANETHOLDER_IAM @MayorGregor @LoblawsON @cathmckenna @westbankcorp @VisionVancouver @RaymondLouie @andreareimer\xe2\x80\xa6 https://t.co/RkySl0ZaZr' '@homelessdave0 @JANETHOLDER_IAM @MayorGregor @LoblawsON @cathmckenna @westbankcorp @VisionVancouver @RaymondLouie\xe2\x80\xa6 https://t.co/iwwdsZHnD3',1
Tweet," '$IOT BTC 180min, we can see where resistance is. I would now be stalking for any build up of volume within that con\xe2\x80\xa6 https://t.co/qHzfEsMQxA'",-1
Reply," '$IOT BTC 180min, we can see where resistance is. I would now be stalking for any build up of volume within that con\xe2\x80\xa6 https://t.co/qHzfEsMQxA' '$IOT BTC 180min update, got the increased vol up thru old resistance, now look for quiet back test of earlier HV hi\xe2\x80\xa6 https://t.co/aoUtb1a89q'",1
Tweet, '11 billion connected devices by 2018! Yet only 1 in 3 have an #IoT #cybersecurity strategy. #ai #cyberattacks #iiot\xe2\x80\xa6 https://t.co/H79INz478M',1
Reply, '11 billion connected devices by 2018! Yet only 1 in 3 have an #IoT #cybersecurity strategy. #ai #cyberattacks #iiot\xe2\x80\xa6 https://t.co/H79INz478M' '@MikeQuindazzi That is sooo short-sighted. I maintain security (and privacy) are THE NO. 1 #IoT priority! https://t.co/o0EGCwOfip',1
Tweet," 'In part 2 of our robotics blog series with @husarion, find out why they chose Ubuntu for their projects!\xe2\x80\xa6 https://t.co/L2e68jO1ms'",1
Reply," 'In part 2 of our robotics blog series with @husarion, find out why they chose Ubuntu for their projects!\xe2\x80\xa6 https://t.co/L2e68jO1ms' '@ubuntu @husarion @husarion - when will the code for #ROSbot be up on #github so I can build my own? My #SPYBot wan\xe2\x80\xa6 https://t.co/SgjmRAtnDF'",1
Tweet, 'Can #SmartCities help us become more #sustainable? https://t.co/J5oMkPnKkH #IoT #SmartCity #IIoT',1
Reply, 'Can #SmartCities help us become more #sustainable? https://t.co/J5oMkPnKkH #IoT #SmartCity #IIoT' '@TechNative Yes! We believe so. We\xe2\x80\x99re creating a connected indoor edible garden with @iotfuse at @BetterWorldMuse -\xe2\x80\xa6 https://t.co/nPsH6WL5hW',1
Tweet," ""Laughing at everyone freaking out that Alts are going to nothing. Don't let the FUD blind you. #HODL \n\n$BTC $LTC $ETH $NEO $MTL $STRAT $XRP""",1
Reply," ""Laughing at everyone freaking out that Alts are going to nothing. Don't let the FUD blind you. #HODL \n\n$BTC $LTC $ETH $NEO $MTL $STRAT $XRP"" '@MarkCryptoCuban Love I\xef\xb8\x8ft. Keep up with #NIO #POWR #RDN #IOT'",1
Tweet," ""@amizere this pattern can be recognized by a barcode reader in a cell phone - it's possible to create a wearable ke\xe2\x80\xa6 https://t.co/fNU5PELLEL""",1
Reply," ""@amizere this pattern can be recognized by a barcode reader in a cell phone - it's possible to create a wearable ke\xe2\x80\xa6 https://t.co/fNU5PELLEL"" ""@AUC31 @africatechie @congolestic @UKBlackTech I'm learning things on Twitter I honestly didn't know including #IoT\xe2\x80\xa6 https://t.co/Xo97hcsOEF""",1
Tweet, '@africatechie @amizere @congolestic @UKBlackTech So the design would in code information in the fabric or accessory\xe2\x80\xa6 https://t.co/XVnA0tv8Vm',1
Reply, '@africatechie @amizere @congolestic @UKBlackTech So the design would in code information in the fabric or accessory\xe2\x80\xa6 https://t.co/XVnA0tv8Vm' '@AUC31 @amizere @congolestic @UKBlackTech African #IoT. I love it',1
Tweet," ""@wadenick I'm willing to accept the trade off of quality to convenience.""",1
Reply," ""@wadenick I'm willing to accept the trade off of quality to convenience."" ""@GarrettDodge Yeah, coffee seems like an interesting split market on that front. So many coffee geeks won't (myself\xe2\x80\xa6 https://t.co/dqyZG2eTlz""",1
Tweet, 'What is the Internet Of Things? #IoT   #Mpgvip #defstar5 #makeyourownlane #DigitalMarketing #Marketing #SEO #SEM https://t.co/rlPmMmwGQV',1
Reply, 'What is the Internet Of Things? #IoT   #Mpgvip #defstar5 #makeyourownlane #DigitalMarketing #Marketing #SEO #SEM https://t.co/rlPmMmwGQV' '@finfishyweb Very cool infograph about #IoT in a simple language. \xf0\x9f\x98\x80',1
Tweet, 'Thank you @charlieisaacs for all you do!  Awesome to see @TownofCary smart parking on display at IoT Grove\xe2\x80\xa6 https://t.co/FcMUDk8Xzl',1
Reply, 'Thank you @charlieisaacs for all you do!  Awesome to see @TownofCary smart parking on display at IoT Grove\xe2\x80\xa6 https://t.co/FcMUDk8Xzl' '@NRaimundo @TownofCary @Dreamforce Thanks for providing your vision and leadership as we work together to improve t\xe2\x80\xa6 https://t.co/scN71iovjj',1
Tweet, 'Rise of the #Chatbots [#Infographic]\n#AI #DeepLearning #Startup #IoT #BigData #Analytics #DataScience #Fintech\xe2\x80\xa6 https://t.co/Eo1holaOv2',1
Reply," 'Rise of the #Chatbots [#Infographic]\n#AI #DeepLearning #Startup #IoT #BigData #Analytics #DataScience #Fintech\xe2\x80\xa6 https://t.co/Eo1holaOv2' '@chboursin @ArkangelScrap @ipfconline1 @FDA_Drug_Info Cert. prescribe-able, OpioidSoftware a.i.: personality forge\xe2\x80\xa6 https://t.co/Wm5iBTILLX'",1
Tweet, 'Pleased as new @LDN_CDO to make UKtech50 2017 - now is the time for #digitaldevolution &amp; a bold smart plan for our\xe2\x80\xa6 https://t.co/kAvcylSJtZ',1
Reply," 'Pleased as new @LDN_CDO to make UKtech50 2017 - now is the time for #digitaldevolution &amp; a bold smart plan for our\xe2\x80\xa6 https://t.co/kAvcylSJtZ' '@camdentheo @markthompson1 @LDN_CDO @ComputerWeekly How about anti social noise sensors across the city,  #opendata\xe2\x80\xa6 https://t.co/TypnrhgOAc'",1
Tweet," 'intentional destruction of customer property (owned, not leased) by @Logitech: https://t.co/almwcBDLak'",-1
Reply," 'intentional destruction of customer property (owned, not leased) by @Logitech: https://t.co/almwcBDLak' '@vsync @Logitech @internetofshit Another reason for dumping any #IoT devices...'",1
Tweet, '@charlieisaacs @GiordanaRock @NikolaiAR @woodson_martin Very exciting indeed! Do you know if myIoT is replacing Salesforce Thunder?',1
Reply, '@charlieisaacs @GiordanaRock @NikolaiAR @woodson_martin Very exciting indeed! Do you know if myIoT is replacing Salesforce Thunder?' '@aymericzito @GiordanaRock @NikolaiAR @woodson_martin Not replacing Thunder. Think of #MyIoT as a way to experiment\xe2\x80\xa6 https://t.co/tzHmzgtRwM',-1
Tweet," ""Don't Let Cyber Thugs Keep You From Digitizing Key Documents https://t.co/n5eRoGIUgz #CyberSecurity #AI #IoT #IIoT #ArtificialIntelligence""",1
Reply," ""Don't Let Cyber Thugs Keep You From Digitizing Key Documents https://t.co/n5eRoGIUgz #CyberSecurity #AI #IoT #IIoT #ArtificialIntelligence"" '@evankirstel Googling ""Cyber Thug"" now #CyberSecurity #AI #IoT #IIoT #ArtificialIntelligence'",1
Tweet, 'The #Cyberthreat Landscape for #IoT\n\n#CyberSecurity #BigData #Cloud #SmartCity #Analytics #Wearables #WiFi\xe2\x80\xa6 https://t.co/LQLmqpmrYo',1
Reply," 'The #Cyberthreat Landscape for #IoT\n\n#CyberSecurity #BigData #Cloud #SmartCity #Analytics #Wearables #WiFi\xe2\x80\xa6 https://t.co/LQLmqpmrYo' ""@evankirstel @Hal_Good @Fisher85M One of the clearest #IoT infographics I've seen! Great work \xf0\x9f\x91\x8d""",1
Tweet, 'Make your bike ride a little safer with this handlebar. https://t.co/LpQnCUezhQ',1
Reply, 'Make your bike ride a little safer with this handlebar. https://t.co/LpQnCUezhQ' '@mashable This is so cool! #tech #technews #IoT #Bicycle #Bike #Innovation',1
Tweet," 'Some of @mozilla\'s questions in their ""Guide to Make Shopping for Connected Gifts Safer"" could be misleading for th\xe2\x80\xa6 https://t.co/cgLyOLiXSF'",1
Reply," 'Some of @mozilla\'s questions in their ""Guide to Make Shopping for Connected Gifts Safer"" could be misleading for th\xe2\x80\xa6 https://t.co/cgLyOLiXSF' '@mozilla Although I like their honesty in other instances =P \n#IoT #privacy #security #cybersecurity https://t.co/ByC12aYgke'",1
Tweet, '\xed\x95\xa8\xeb\xb3\xb4\xec\x8a\x88. \xed\x9b\x84\xec\x95\x84. https://t.co/FLuLrirKsj',1
Reply, '\xed\x95\xa8\xeb\xb3\xb4\xec\x8a\x88. \xed\x9b\x84\xec\x95\x84. https://t.co/FLuLrirKsj' '@tenelux On the Horizon: The State of Real-time Translation Hearables https://t.co/7ghJXf6XDJ [Via @Wareable]\xe2\x80\xa6 https://t.co/49M1jSQrk9',1
Tweet," '@npirtube mira que logo m\xc3\xa1s chulo, por si te da alguna idea. https://t.co/9SBAmFDmui'",1
Reply," '@npirtube mira que logo m\xc3\xa1s chulo, por si te da alguna idea. https://t.co/9SBAmFDmui' '@neburcr @npirtube Muchas Gracias Amigo \xf0\x9f\x92\x93We love that you love our logo! Lots of new opportunities await the #IoT..\xe2\x80\xa6 https://t.co/4q7S9q40de'",1
Tweet, '@HeyAndri Connected? Somehow I felt this IoT trend will be quite harmful. What do you say?',1
Reply," '@HeyAndri Connected? Somehow I felt this IoT trend will be quite harmful. What do you say?' '@aadityaps98 #IoT in the wrong hands is a danger.\n#Connected home security cameras, door locks, baby monitors, kitc\xe2\x80\xa6 https://t.co/SmriRdp28P'",1
Tweet, 'What is the most exciting #invention/#technology that most people have never heard about? Let me know.\xe2\x80\xa6 https://t.co/9pIBEmpWEG',1
Reply," 'What is the most exciting #invention/#technology that most people have never heard about? Let me know.\xe2\x80\xa6 https://t.co/9pIBEmpWEG' '@aadreja Maybe ""device-to-device communications"" #D2D #M2M #IoT #InternetOfThings'",1
Tweet, '@Volkswagen Australia looks to #Salesforce for #IoT via @iTnews_au https://t.co/HeA6bVWbkl https://t.co/oGdQODz461',1
Reply, '@Volkswagen Australia looks to #Salesforce for #IoT via @iTnews_au https://t.co/HeA6bVWbkl https://t.co/oGdQODz461' 'RT @Kris2385 @Volkswagen Australia looks to #Salesforce for #IoT via @iTnews_au https://t.co/80JWXiP842 https://t.co/CJZrL9KLis',-1
Tweet, '@MarshaCollier I have 2 words in mind: complicity and carelessness. \xf0\x9f\x98\xa2',1
Reply," '@MarshaCollier I have 2 words in mind: complicity and carelessness. \xf0\x9f\x98\xa2' '@adspedia I feel the same about #iOT. There\'s less reliance on security; only on the ""new flashy toy""'",-1
Tweet, '@null0x00 Session on #Radio #Hacking Part-II by @Nitmalviya03  #nullmumbai #IOT https://t.co/0ZsEZBmJry',1
Reply, '@null0x00 Session on #Radio #Hacking Part-II by @Nitmalviya03  #nullmumbai #IOT https://t.co/0ZsEZBmJry' '@NullMumbai @null0x00 @Nitmalviya03 @payatulabs @aseemjakhar @antriksh_s #IOT #Radiohacking #series',1
Tweet, 'Is it time to invest in IoT?  https://t.co/SKdKUASDv4',1
Reply, 'Is it time to invest in IoT?  https://t.co/SKdKUASDv4' '@timothychou Ja! To support #IoT #Analytics Teradata Analytics Platform now comes with native time series storage i\xe2\x80\xa6 https://t.co/qJLhkwcdQd',1
Tweet, '#Salesforce launches service to let anyone get started with #IoT https://t.co/ZIYq0u9TCg',1
Reply, '#Salesforce launches service to let anyone get started with #IoT https://t.co/ZIYq0u9TCg' 'RT @Techackers360 @Techackers360: #Salesforce launches service to let anyone get started with #IoT https://t.co/RIYQyU7dgD',1
Tweet," ""People Don't Buy IoT, They Buy a Solution to a Problem https://t.co/gXS99RKueR #IoT #Prodmgmt #IIoT #Tech #InternetOfThings""",1
Reply," ""People Don't Buy IoT, They Buy a Solution to a Problem https://t.co/gXS99RKueR #IoT #Prodmgmt #IIoT #Tech #InternetOfThings"" '@delizalde Agreed! Be driven by #business problem rather than #technological possibility while designing an #IoT #IIoT solution'",1
Tweet, '#Microsoft is #1 @GitHub #OpenSource contributor\xf0\x9f\x8f\x86surpassing #Google\xef\xbc\x86#AWS\n#OSS-the\xf0\x9f\x86\x95standard\n\n\xf0\x9f\x94\x9d@OpenAtMicrosoft\xe2\x80\xa6 https://t.co/JazvSliC9F',1
Reply, '#Microsoft is #1 @GitHub #OpenSource contributor\xf0\x9f\x8f\x86surpassing #Google\xef\xbc\x86#AWS\n#OSS-the\xf0\x9f\x86\x95standard\n\n\xf0\x9f\x94\x9d@OpenAtMicrosoft\xe2\x80\xa6 https://t.co/JazvSliC9F' '@github @OpenAtMicrosoft @shanselman @migueldeicaza @codepo8 @scottgu @coolcsh @MadsTorgersen @John_Papa @dotnetfdn\xe2\x80\xa6 https://t.co/ngeL9uHEXM',1
Tweet, 'Agak membimbangkan bila data peribadi kita dijual beli. Penjenayah siber pandai buat duit.\nhttps://t.co/wljQac4wXX',1
Reply, 'Agak membimbangkan bila data peribadi kita dijual beli. Penjenayah siber pandai buat duit.\nhttps://t.co/wljQac4wXX' 'Adakah perlu software antivirus &amp; theft untuk lindungi keselamatan smartphone kita?\nLihatlah nanti ada Company ambi\xe2\x80\xa6 https://t.co/Fdp4QHbsGK',1
Tweet," 'What about you @GiordanaRock, @NikolaiAR, @charlieisaacs?'",1
Reply," 'What about you @GiordanaRock, @NikolaiAR, @charlieisaacs?' ""@aymericzito @GiordanaRock @NikolaiAR I'm totally biased. This was the most exciting announcement to me!\xe2\x80\xa6 https://t.co/AhFKUbvC7V""",1
Tweet, 'Perfect #IoT implementation for @internetofshit at @labitat_dk https://t.co/AeLBNYEGZM',1
Reply," 'Perfect #IoT implementation for @internetofshit at @labitat_dk https://t.co/AeLBNYEGZM' '@Ms_Multicolor @internetofshit Late reply, but just to let you know,. this thing is not #IoT enabled ,, a future ve\xe2\x80\xa6 https://t.co/5ayeivhzl0'",1
Tweet," ""@MistyFierro @salesforce I was at the @Vetforce event! I couldn't stay for very long, sorry about that.""",-1
Reply," ""@MistyFierro @salesforce I was at the @Vetforce event! I couldn't stay for very long, sorry about that."" '@charlieisaacs @salesforce @Vetforce Thank you for coming out! We appreciate your support! #InternetOfThings #ioT #ilovetech'",1
Tweet, '@TonyByrne @yaronhaviv @furrier @npandey25 @sarbjeetjohal @Microsoft @evankirstel MyPOV: cloud licensing. On Prem d\xe2\x80\xa6 https://t.co/Zdl9gnwc50',1
Reply, '@TonyByrne @yaronhaviv @furrier @npandey25 @sarbjeetjohal @Microsoft @evankirstel MyPOV: cloud licensing. On Prem d\xe2\x80\xa6 https://t.co/Zdl9gnwc50' '@rwang0 @TonyByrne @furrier @npandey25 @sarbjeetjohal @Microsoft @evankirstel AWS &amp; Azure are driving this model in\xe2\x80\xa6 https://t.co/WZlrZBKN9w',1
Tweet," 'Yes, the robots are coming for our jobs. Here are the people trying to make sure that goes smoothly wheresKR https://t.co/9t3vjJKH9E'",1
Reply," 'Yes, the robots are coming for our jobs. Here are the people trying to make sure that goes smoothly wheresKR https://t.co/9t3vjJKH9E' '@bhumharit @intel @Apple @USDHS @POTUS @DefenseIntel @CIA @TheIACP @Dell @Google @PMOIndia @JPN_PMO #UNSC #UNGA\xe2\x80\xa6 https://t.co/xJ3h0vY0fQ'",1
Tweet," ""Saudis must now temper expectations for Aramco's IPO https://t.co/Junj1IVnxg https://t.co/JYKiu4wtz1""",1
Reply," ""Saudis must now temper expectations for Aramco's IPO https://t.co/Junj1IVnxg https://t.co/JYKiu4wtz1"" '@BV #MbS IAM GOING2CRUSH SAUDI #ARAMCOIPO LIKE A BUG\xe2\x98\x85HD\xe2\x88\x9e@lloydblankfein\n@jpmorgan\n#VANPOLI #\xce\xa9 #OTTAWA #TPP\n#NYSE\xe2\x80\xa6 https://t.co/qY1Z3NQlWv'",-1
Tweet, 'Our latest research suggests that 90% of consumers lack confidence in the #security of #IoT devices:\xe2\x80\xa6 https://t.co/FwNOc2ppcj',-1
Reply, 'Our latest research suggests that 90% of consumers lack confidence in the #security of #IoT devices:\xe2\x80\xa6 https://t.co/FwNOc2ppcj' '@Gemalto This study does an excellent job of highlighting both the current lack of #IoT #security practice and the\xe2\x80\xa6 https://t.co/dMSqyahrAY',-1
Tweet, '#Ambrosus $AMB - #Blockchain for food &amp; drug supply! Don\xe2\x80\x99t ignore this one #SRSLY Trillions of dollars in the food\xe2\x80\xa6 https://t.co/QiAkIGOP50',-1
Reply, '#Ambrosus $AMB - #Blockchain for food &amp; drug supply! Don\xe2\x80\x99t ignore this one #SRSLY Trillions of dollars in the food\xe2\x80\xa6 https://t.co/QiAkIGOP50' '@CryptoSave @binance_2017 @Daniel452379 @CryptoTraderPro @CryptoTrader47 @BreakoutTickers @CryptoYoda1338\xe2\x80\xa6 https://t.co/cP1VTsp8kz',1
Tweet, '@hputzek @ameellio Wie bitte?',1
Reply," '@hputzek @ameellio Wie bitte?' '@lauralindal @ameellio Just joking, sorry.\nBut anyway #iot can also be helpful without affecting privacy.'",1
Tweet, '@TheOnlineMom A7 I work as a realtor.. we have an app that connects to a fob to unlock Supra locks with #mobileliving',1
Reply, '@TheOnlineMom A7 I work as a realtor.. we have an app that connects to a fob to unlock Supra locks with #mobileliving' '@ARGirl44 @TheOnlineMom re: A7 I work as a realtor.. we have an app that connects to a fob to unlock Supra locks wi\xe2\x80\xa6 https://t.co/aELeNBlMvD',1
Tweet, 'How would You like your IoT cloud should forward device events?',1
Reply, 'How would You like your IoT cloud should forward device events?' 'We thought so and we call it the Status Transformer now :o) #JavaScript runs through your `0xba0d67cf3c` @sigfox\xe2\x80\xa6 https://t.co/LwMB0h6ZmL',1
Tweet, 'Want to start a #ConnectedConsumer company? You must consider your business model.\nhttps://t.co/vu0amc8zgK https://t.co/IV3VR1lw0l',1
Reply," 'Want to start a #ConnectedConsumer company? You must consider your business model.\nhttps://t.co/vu0amc8zgK https://t.co/IV3VR1lw0l' ""@WynterElwood I agree, @WynterElwood . Here's our perspective on turning #IoT products into services through a subs\xe2\x80\xa6 https://t.co/qAFx7muEOk""",1
Tweet," '2018: The year #blockchain, #AI and #IoT technology converge https://t.co/9yystydB94 by @LaurenceTiana'",1
Reply," '2018: The year #blockchain, #AI and #IoT technology converge https://t.co/9yystydB94 by @LaurenceTiana' '@iotagenda @LaurenceTiana Natural convergence L\xf0\x9f\x91\x80K Multiple application possibilities. #AI #IoT #Blockchain\xe2\x80\xa6 https://t.co/cYTKNIbMrd'",1
Tweet," "".@andy_mura Follow both you and your firm. I love the premise of your software training. I myself don't have an imm\xe2\x80\xa6 https://t.co/8pfbEZrhqp""",1
Reply," "".@andy_mura Follow both you and your firm. I love the premise of your software training. I myself don't have an imm\xe2\x80\xa6 https://t.co/8pfbEZrhqp"" '@andy_mura @MEMEXInc Maybe run this by Dave and see what he thinks as far as expiditing the software training side\xe2\x80\xa6 https://t.co/dAUnGwUJt6'",1
Tweet, 'Markus Bergthaler: How the Internet of Things Is Changing Ecommerce\nhttps://t.co/xEx840nRzP https://t.co/mEfGvNckfW',1
Reply," 'Markus Bergthaler: How the Internet of Things Is Changing Ecommerce\nhttps://t.co/xEx840nRzP https://t.co/mEfGvNckfW' '@7wData Right from #production #scm to #lastmile, everything can be changed. #IoT'",1
Tweet, '@akrv1 You might be interested in our recent experimental work with @Airbus on UWB in airplanes: https://t.co/BVzo85Sg6 ',1
Reply," '@akrv1 You might be interested in our recent experimental work with @Airbus on UWB in airplanes: https://t.co/BVzo85Sg6 ' ""@bettstetter @Airbus human shadowing! it's not a bug, it's a feature #IoT #UW """,1
Tweet, 'Top #InternetOfThings Experts!\n\n1 @IoTRecruiting\n2 @YarmolukDan\n3 @delizalde\n4 @SachinLulla\n5 @DavidOro\n6\xe2\x80\xa6 https://t.co/0muWR4gT26',1
Reply, 'Top #InternetOfThings Experts!\n\n1 @IoTRecruiting\n2 @YarmolukDan\n3 @delizalde\n4 @SachinLulla\n5 @DavidOro\n6\xe2\x80\xa6 https://t.co/0muWR4gT26' '@IoTRecruiting @YarmolukDan @delizalde @SachinLulla @DavidOro @evankirstel @Cisco_IoT @Ronald_vanLoon @AmyxIoT Cong\xe2\x80\xa6 https://t.co/qacnWidqJu',1
Tweet," '@Steve_Lockstep ...if you get to charge a fee every time your data is bought, sold and traded (like a bank) does th\xe2\x80\xa6 https://t.co/khpYhuazEg'",1
Reply," '@Steve_Lockstep ...if you get to charge a fee every time your data is bought, sold and traded (like a bank) does th\xe2\x80\xa6 https://t.co/khpYhuazEg' ""@gmathews71 I'm afraid that's impossible. So much data about us is collected (often synthesised) behind our backs,\xe2\x80\xa6 https://t.co/mb1ydzXqYj""",1
Tweet," ""@5280_CS I empathize. But, like it or not, it's where things are going. Solution for you: buy stuff without chips/batteries/sensors.""",-1
Reply," ""@5280_CS I empathize. But, like it or not, it's where things are going. Solution for you: buy stuff without chips/batteries/sensors."" '@johnkoetsier Perhaps, but I foresee a backlash against useless #IoT products, especially if consumers begin to val\xe2\x80\xa6 https://t.co/1TXCsOxOQu'",-1
Tweet, '@CarloCalenda #ItalyEconomicIndicators - Trading Economics https://t.co/JaOZ0S3AFt #ITALIA - INDICATORI ECONOMICI\xe2\x80\xa6 https://t.co/Z8pIRAFyVA',1
Reply," '@CarloCalenda #ItalyEconomicIndicators - Trading Economics https://t.co/JaOZ0S3AFt #ITALIA - INDICATORI ECONOMICI\xe2\x80\xa6 https://t.co/Z8pIRAFyVA' '@CarloCalenda Esplora #Ingegneria, #Scienza e #Tecnologia su Taylor &amp; Francis Online \nVerso #UnaGrandeEraDeiDati\xe2\x80\xa6 https://t.co/qnqU6AewOR'",1
Tweet, 'Here\xe2\x80\x99s why text messages and calls on 180 million smartphones are now at risk https://t.co/HToihGYk8X',-1
Reply," 'Here\xe2\x80\x99s why text messages and calls on 180 million smartphones are now at risk https://t.co/HToihGYk8X' '@FortuneMagazine Have you connected your home , your life you finances, you business to the #IoT What degree of qua\xe2\x80\xa6 https://t.co/6r5EeZOEHc'",1
Tweet," 'For $79, I fully expect these to be gone soon (you could say that either @Ember_Tech mug is a hot commodity). I wan\xe2\x80\xa6 https://t.co/uMc4z2HjF9'",1
Reply," 'For $79, I fully expect these to be gone soon (you could say that either @Ember_Tech mug is a hot commodity). I wan\xe2\x80\xa6 https://t.co/uMc4z2HjF9' ""@scottpdawson @Ember_Tech Sorry, Scott - I disagree. #IoT shouldn't just pad inventors pockets. It should solve rea\xe2\x80\xa6 https://t.co/M0gZhGgFOz""",1
Tweet, 'Sponsored: How much do you know about the Internet of Things? Find out at a free event with @Telfer_uOttawa.\xe2\x80\xa6 https://t.co/P3rv31WAGs',1
Reply," 'Sponsored: How much do you know about the Internet of Things? Find out at a free event with @Telfer_uOttawa.\xe2\x80\xa6 https://t.co/P3rv31WAGs' '@obj_news @Telfer_uOttawa Looking forward to speaking at this @Telfer_uOttawa event to shine light on #iot - the What, Why and Hyperbole'",1
Tweet," 'Fascists, Communists, Liberals\n\nSpot the Fucking Difference! https://t.co/3i0ChU2HYv'",1
Reply," 'Fascists, Communists, Liberals\n\nSpot the Fucking Difference! https://t.co/3i0ChU2HYv' '@xexizy11 This is why we need to build the utopia through technology that empowers us to rebuild the world without\xe2\x80\xa6 https://t.co/s0xgpQlLtR'",1
Tweet," ""@leotanczt @emax @joegalen Hmm.. I'm guessing this relates to 'peaceful ruler'?""",1
Reply," ""@leotanczt @emax @joegalen Hmm.. I'm guessing this relates to 'peaceful ruler'?"" ""@jasonnurse @emax @joegalen Rather to our demonstrator idea: Frederick will (or is meant to) be the 'safe box' stan\xe2\x80\xa6 https://t.co/Zhhm5WKp6s""",1
Tweet, '@DNVGL er glade klatrere p\xc3\xa5 Universum listene innen \xc3\xb8konomi og IT. Employer Branding er langsiktig profilering og g\xe2\x80\xa6 https://t.co/T9KiCpWJy0',1
Reply," '@DNVGL er glade klatrere p\xc3\xa5 Universum listene innen \xc3\xb8konomi og IT. Employer Branding er langsiktig profilering og g\xe2\x80\xa6 https://t.co/T9KiCpWJy0' '@DahlbergK @DNVGL #DNVGL is a #dangerous &amp; #dishonest place to work. It has a #toxic #culture of #discrimination,\xe2\x80\xa6 https://t.co/FKMA06vIrV'",1
Tweet, 'This #madness only makes me more convinced about #iota. All the money spent for something you can have for free. https://t.co/YsIJ9Nk1KS',1
Reply, 'This #madness only makes me more convinced about #iota. All the money spent for something you can have for free. https://t.co/YsIJ9Nk1KS' '@deviota_com @lueyforje $iota #iota #gen4Evolution #cryptocurrency for #IoT and #PRP',1
Tweet, 'Hacker Distributes Backdoored IoT Vulnerability Scanning Script to Hack Script Kiddies https://t.co/2dzXCn7pUl\xe2\x80\xa6 https://t.co/kXBA3Xo5BO',-1
Reply, 'Hacker Distributes Backdoored IoT Vulnerability Scanning Script to Hack Script Kiddies https://t.co/2dzXCn7pUl\xe2\x80\xa6 https://t.co/kXBA3Xo5BO' '@Hakin9 Very troubling vulnerability for #IOT devices &amp; almost impossible to detect. The most sensible advice is to\xe2\x80\xa6 https://t.co/nYLGRHRhHl',1
Tweet," '@Siemens @Siemens_Energy @ieee_pes @state_grid .@BeatrixNatter earlier said:""With our transformers and our technolo\xe2\x80\xa6 https://t.co/3TR3HXQPD0'",1
Reply," '@Siemens @Siemens_Energy @ieee_pes @state_grid .@BeatrixNatter earlier said:""With our transformers and our technolo\xe2\x80\xa6 https://t.co/3TR3HXQPD0' '@Siemens @Siemens_Energy @ieee_pes @state_grid @BeatrixNatter @JerryBrownGov @GENINews @PCCleads @UNDESA ICYMI - Wh\xe2\x80\xa6 https://t.co/e6XkgedD7a'",1
Tweet, 'The Ultimate Guide To Keep Your Internet Browsing Anonymous! ***Ge https://t.co/P7fjqWKMio #Hacker #Cybersecurity https://t.co/Fh9IezAwrq',-1
Reply, 'The Ultimate Guide To Keep Your Internet Browsing Anonymous! ***Ge https://t.co/P7fjqWKMio #Hacker #Cybersecurity https://t.co/Fh9IezAwrq' '@CyberDomain Maintaining complete anonymity online is virtually impossible without tools that put you in control of\xe2\x80\xa6 https://t.co/GRqfPDo9cv',-1
Tweet, 'Anyone interested in scientific  Content writing ... Full/Part time ... preferably out of Guwahati for Full time \nR\xe2\x80\xa6 https://t.co/vPC7WPod1d',1
Reply, 'Anyone interested in scientific  Content writing ... Full/Part time ... preferably out of Guwahati for Full time \nR\xe2\x80\xa6 https://t.co/vPC7WPod1d' 'Anyone interested in collaborative #IOT electronic product development ... Pl connect',1
Tweet, '#FF to these social media legends @BillMew @evankirstel @Kevin_Jackson @dez_blanchfield @dhdeans @DerekBrittonUK\xe2\x80\xa6 https://t.co/DPuLnigKDv',1
Reply, '#FF to these social media legends @BillMew @evankirstel @Kevin_Jackson @dez_blanchfield @dhdeans @DerekBrittonUK\xe2\x80\xa6 https://t.co/DPuLnigKDv' '@StevenDickens3 @BillMew @evankirstel @Kevin_Jackson @dez_blanchfield @dhdeans @DerekBrittonUK @SystemsandTech\xe2\x80\xa6 https://t.co/RyErDbUwmO',1
Tweet, '@Socialfave @TheMrBlueprint @thomaspower @TopCyberNews @ipfconline1 @pierrepinna @evankirstel @helene_wpli\xe2\x80\xa6 https://t.co/VzHyPYDcAh',1
Reply, '@Socialfave @TheMrBlueprint @thomaspower @TopCyberNews @ipfconline1 @pierrepinna @evankirstel @helene_wpli\xe2\x80\xa6 https://t.co/VzHyPYDcAh' '@ElizabethTelson @Socialfave @TheMrBlueprint @thomaspower @ipfconline1 @pierrepinna @evankirstel @helene_wpli\xe2\x80\xa6 https://t.co/2N8KMLaJiZ',1
Tweet," ""@EvaCaletkova @Cocoon_Networks Thank you so much for your support!! It's always a pleasure to have you with us :)""",1
Reply," ""@EvaCaletkova @Cocoon_Networks Thank you so much for your support!! It's always a pleasure to have you with us :)"" '@HdwPioneers @Cocoon_Networks Welcome Fabiano &amp; David \xf0\x9f\x98\x89I really like your community and events. I always learn a lot #IoT'",1
Tweet, '#mustread: Bish bash #Bosch: @SachaNauta from @TheEconomist on Boschs transformation to an #IoT company.    https://t.co/JN3jSwY34q',1
Reply, '#mustread: Bish bash #Bosch: @SachaNauta from @TheEconomist on Boschs transformation to an #IoT company.    https://t.co/JN3jSwY34q' '@rene_ziegler @SachaNauta @TheEconomist Great portrait of our company! #digitaltransformation #IoT',1
Tweet," 'The world is changing..\nQ2. We were talking about the rise of chatbots at #MSMW2017, are you ready for a world wher\xe2\x80\xa6 https://t.co/8ySkNmMRnJ'",1
Reply," 'The world is changing..\nQ2. We were talking about the rise of chatbots at #MSMW2017, are you ready for a world wher\xe2\x80\xa6 https://t.co/8ySkNmMRnJ' '@sabahtourism I would support AI but for service industry it is still good to have that human touch. #IoT. #SabahChat'",1
Tweet, 'Manage a wide range of duty cycles in industrial and telecom applications: https://t.co/zrko6aXbIi https://t.co/EApWE6TOda',1
Reply," 'Manage a wide range of duty cycles in industrial and telecom applications: https://t.co/zrko6aXbIi https://t.co/EApWE6TOda' '@TXInstruments ThSweetest*Pic I HaveSeenAllMorning! Tyou!\nGr8*DataInfo, too!\nHavGr8*TechnoDay~*;p\n~&amp; of course a pi\xe2\x80\xa6 https://t.co/z1D6R0IZ8f'",1
Tweet, 'A2} #AI #saschat Home #insurance through data from smoke detectors in connected homes is growing https://t.co/CdwTw12d8X',1
Reply," 'A2} #AI #saschat Home #insurance through data from smoke detectors in connected homes is growing https://t.co/CdwTw12d8X' '@macoopma Good point Mathias, #IoT and #AI ""go together"" to this Insurance digitalization journey !'",1
Tweet," '#TShirtDay? who comes up with these??? So yesterday... Anyway, here is our #millennial version &lt;Happy #SmartShirt d\xe2\x80\xa6 https://t.co/H62TtQkZxt'",1
Reply," '#TShirtDay? who comes up with these??? So yesterday... Anyway, here is our #millennial version &lt;Happy #SmartShirt d\xe2\x80\xa6 https://t.co/H62TtQkZxt' '@IoTchannel @Raspberry_Pi @SMC_on_IoT @IBMIoT @sandy_carter @mac_devine @marcbulandr @IoTRecruiting @wayneirwin01\xe2\x80\xa6 https://t.co/3srHv6PlzD'",1
Tweet, 'Global Industrial #IoT Influencers 10/17\nhttps://t.co/RaN8RmkwBj @IoTRecruiting @MikeQuindazzi @YarmolukDan @Ronald_vanLoon via @JBarbosaPR',1
Reply, 'Global Industrial #IoT Influencers 10/17\nhttps://t.co/RaN8RmkwBj @IoTRecruiting @MikeQuindazzi @YarmolukDan @Ronald_vanLoon via @JBarbosaPR' '@IoTRecruiting @MikeQuindazzi @YarmolukDan @Ronald_vanLoon Thanks for RT !!! #IOT',1
Tweet, '@PamelaM5050 @RayBrownschwagg @vairton5550 @JeriLowrance @chikara_lnoue @GTATidea @TopCyberNews @makinoshinichi7\xe2\x80\xa6 https://t.co/ytfxyoYkc9',1
Reply, '@PamelaM5050 @RayBrownschwagg @vairton5550 @JeriLowrance @chikara_lnoue @GTATidea @TopCyberNews @makinoshinichi7\xe2\x80\xa6 https://t.co/ytfxyoYkc9' '@shyoshid @PamelaM5050 @RayBrownschwagg @vairton5550 @JeriLowrance @chikara_lnoue @GTATidea @makinoshinichi7\xe2\x80\xa6 https://t.co/a7q9boxXxv',1
Tweet," ""I'm looking for a fullstack #javascript developer with huge experience in #nodejs and #ReactNative to help us build\xe2\x80\xa6 https://t.co/e4quCf7oao""",1
Reply," ""I'm looking for a fullstack #javascript developer with huge experience in #nodejs and #ReactNative to help us build\xe2\x80\xa6 https://t.co/e4quCf7oao"" '@tregismoreira Hey Thiago, I can help you out with #fullstack #JS developer, having expereince with #Nodejs. Demons\xe2\x80\xa6 https://t.co/Sx3pUXDuuh'",1
Tweet, 'Terveydenhuollon kyberuhkia: Voisiko internet olla yhteydess\xc3\xa4 syd\xc3\xa4meen? @LaukkaLasse @CERTFI #kyberturvallisuus #3T\xe2\x80\xa6 https://t.co/zBrJpY5LQV',1
Reply, 'Terveydenhuollon kyberuhkia: Voisiko internet olla yhteydess\xc3\xa4 syd\xc3\xa4meen? @LaukkaLasse @CERTFI #kyberturvallisuus #3T\xe2\x80\xa6 https://t.co/zBrJpY5LQV' '@pveps @LaukkaLasse @CERTFI Kun Heartbleed saa uuden merkityksen. #iot #security',1
Tweet," ""No matter where in the world you are, @brinciot will be there to help! We've invested in 15 countries and reviewed\xe2\x80\xa6 https://t.co/grKzCiYWy2""",1
Reply," ""No matter where in the world you are, @brinciot will be there to help! We've invested in 15 countries and reviewed\xe2\x80\xa6 https://t.co/grKzCiYWy2"" '@SimpleWearables @Bonbouton @letunglinh #Brinc #IoT #Hardware #Accelerator #NYC #Manhattan #Startups #Entrepreneurs\xe2\x80\xa6 https://t.co/7XNNtT7RJj'",1
Tweet, 'Special impromptu meetup at #NetHui https://t.co/BYG0ltSRuy',1
Reply," 'Special impromptu meetup at #NetHui https://t.co/BYG0ltSRuy' ""@ellenstrickland Geeze Louise. I found it really hard to lock down my parents' baby cam. Darn that #IoT is insecure. - #igfforbabies""",-1
Tweet, 'Look into @SettleMintCom who has solutions to ease the way for blockchain based applications development with sever\xe2\x80\xa6 https://t.co/2SA6WIUOg4',1
Reply," 'Look into @SettleMintCom who has solutions to ease the way for blockchain based applications development with sever\xe2\x80\xa6 https://t.co/2SA6WIUOg4' '@hyaghi @SettleMintCom And we, as a #marketplace for #internet of #things, are a right fit in the #iot section! \xf0\x9f\x91\x8d\xf0\x9f\x8f\xbb\xf0\x9f\x98\x8a https://t.co/EJdwKCQZoU'",1
Tweet, 'Try it out yourself next year at Vekotinverstas @ForumVirium #iot #futurefemale @FutureFemale https://t.co/MDzMXFytKt',1
Reply, 'Try it out yourself next year at Vekotinverstas @ForumVirium #iot #futurefemale @FutureFemale https://t.co/MDzMXFytKt' '@mtyppi @ForumVirium @FutureFemale You can now sign up for the @ForumVirium @mediakeskus @vekotinverstas \xe2\x80\x9cIntro to\xe2\x80\xa6 https://t.co/Ql3U4z5sZv',1
Tweet, 'Hong Kong definitely has its strengths for hardware startups. https://t.co/YwsOVBOic8',1
Reply," 'Hong Kong definitely has its strengths for hardware startups. https://t.co/YwsOVBOic8' '@LaunchpadGS It\xe2\x80\x99s the center of the #hardware universe. 1,000% part of every serious hardware companies strategy.\xe2\x80\xa6 https://t.co/Mft5mSQVn6'",1
Tweet," ""I always say this!!! - 'We've probably hit peak Silicon Valley,' AOL founder says @ArjunKharpal @CNBC\xe2\x80\xa6 https://t.co/GuLYIQThbL""",-1
Reply," ""I always say this!!! - 'We've probably hit peak Silicon Valley,' AOL founder says @ArjunKharpal @CNBC\xe2\x80\xa6 https://t.co/GuLYIQThbL"" '@ArjunKharpal @CNBC @brinciot And just to hammer \xf0\x9f\x94\xa8 this home. The NEXT Bay Area, will not be in the #USA. The\xe2\x80\xa6 https://t.co/zGAp8z66kL'",1
Tweet, 'Morning commute listen: Meet the #techtalk academy finalists\nhttps://t.co/dwVqGZx8Yj https://t.co/EAkganykYa',1
Reply, 'Morning commute listen: Meet the #techtalk academy finalists\nhttps://t.co/dwVqGZx8Yj https://t.co/EAkganykYa' '@EstatesGazette @AccuCities @chimni @DemandLogicUK @SorbetHQ @walulel @Pi_Labs @CBRE_UK @kpmguk Isn\xe2\x80\x99t weird hearing\xe2\x80\xa6 https://t.co/gzpKzKN02k',1
Tweet, 'How #Cloud #IoT works at #salesforce #DF17 https://t.co/PWrOaPz1Di https://t.co/xXcVkR3f6A',1
Reply, 'How #Cloud #IoT works at #salesforce #DF17 https://t.co/PWrOaPz1Di https://t.co/xXcVkR3f6A' 'RT @juancarlosvigol @evankirstel: How #Cloud #IoT works at #salesforce #DF17 https://t.co/iVp9Tokj9G https://t.co/n1xrBUqPsv',1
Tweet, 'Haluatko l\xc3\xa4hte\xc3\xa4 kehitt\xc3\xa4m\xc3\xa4\xc3\xa4n avointa arktista testausalustaa Enonteki\xc3\xb6lle? https://t.co/hSNDr2eHES',1
Reply," 'Haluatko l\xc3\xa4hte\xc3\xa4 kehitt\xc3\xa4m\xc3\xa4\xc3\xa4n avointa arktista testausalustaa Enonteki\xc3\xb6lle? https://t.co/hSNDr2eHES' 'Want to develop an #arctic #testing #platform in North Finland? ""If it works here, it will work anywhere"" - Municip\xe2\x80\xa6 https://t.co/nnf5tMhYZD'",1
Tweet," '@drs_Andor @annejanbrouwer Onzin, tuurlijk moet er een business case zijn, maar ondertussen leven we in een wereld\xe2\x80\xa6 https://t.co/oxI7n2kCxz'",1
Reply," '@drs_Andor @annejanbrouwer Onzin, tuurlijk moet er een business case zijn, maar ondertussen leven we in een wereld\xe2\x80\xa6 https://t.co/oxI7n2kCxz' '@Dave_von_S @annejanbrouwer Gewaardeerd door wie? Niet door softwarebedrijven, kijk maar naar de staat van van secu\xe2\x80\xa6 https://t.co/lvbPDugUGF'",1
Tweet," '11/14, Manhattan BP @galeabrewer &amp; @TmmMcci of @thethingsntwrk discuss plans to stand up a #WideAreaNetwork for the\xe2\x80\xa6 https://t.co/wQ2pkawgLL'",1
Reply," '11/14, Manhattan BP @galeabrewer &amp; @TmmMcci of @thethingsntwrk discuss plans to stand up a #WideAreaNetwork for the\xe2\x80\xa6 https://t.co/wQ2pkawgLL' '@CivicHall @galeabrewer @TmmMcci @thethingsntwrk Thanks @SemtechCorp for your huge investment in and commitment to\xe2\x80\xa6 https://t.co/4fCdPnhhVN'",1
Tweet," ""Join us 11/16 4p for Wireless Global Congress' Connected City Workshop w/ @senetco @MCCI @oresundskraft\xe2\x80\xa6 https://t.co/XbM716toQM""",1
Reply," ""Join us 11/16 4p for Wireless Global Congress' Connected City Workshop w/ @senetco @MCCI @oresundskraft\xe2\x80\xa6 https://t.co/XbM716toQM"" '@LoRaAlliance @senetco @MCCI @oresundskraft Manhattan Borough President @galeabrewer will join Terry to share her v\xe2\x80\xa6 https://t.co/Pdmfgyz8tC'",1
Tweet," 'First in the US! New York\xe2\x80\x99s Tompkins County funds open-source #LoRaWAN wireless network, deploying now thru mid-201\xe2\x80\xa6 https://t.co/RaihkP7u7c'",1
Reply," 'First in the US! New York\xe2\x80\x99s Tompkins County funds open-source #LoRaWAN wireless network, deploying now thru mid-201\xe2\x80\xa6 https://t.co/RaihkP7u7c' '@CCETompkins @SemtechCorp @LoRaAlliance @MultiTechSys @adafruit @MicrochipTech @arduino Thank you to Tompkins Count\xe2\x80\xa6 https://t.co/RV6bi04TJy'",1
Tweet, 'It is critical for consumers to have more control and for providers to exercise prudence &amp; integrity in the\xe2\x80\xa6 https://t.co/se1XAQ5DEy',1
Reply, 'It is critical for consumers to have more control and for providers to exercise prudence &amp; integrity in the\xe2\x80\xa6 https://t.co/se1XAQ5DEy' '\xf0\x9f\x9a\x9d||Progress City of Tomorrowlan||\xf0\x9f\x8c\x90#IoP\xe2\x98\x84\xef\xb8\x8f#Ai.#Wonderlan\xf0\x9f\xa6\x8b#IoT\nDevelopment &amp; #SDGs for the 21st Century to ensure prog\xe2\x80\xa6 https://t.co/FQwSzBS30J',1
Tweet, '@avrohomg @machinelearnbot @garyvee @KenHerron Omfg the power the hackers would have if this happened... O.O',1
Reply, '@avrohomg @machinelearnbot @garyvee @KenHerron Omfg the power the hackers would have if this happened... O.O' '@IntimateEyeInc @machinelearnbot @garyvee @KenHerron Check out what #Dubai \xf0\x9f\x87\xa6\xf0\x9f\x87\xaa is doing with #Volocopter! \xf0\x9f\x9a\x81 You\xe2\x80\x99re c\xe2\x80\xa6 https://t.co/biSdaUycwL',1
Tweet," ""Why security is important for growing the 'Internet Of Things' (#IoT).\n\n#CyberSecurity #CyberAttack #IIoT #M2M\xe2\x80\xa6 https://t.co/qkjGxOQvEq""",1
Reply," ""Why security is important for growing the 'Internet Of Things' (#IoT).\n\n#CyberSecurity #CyberAttack #IIoT #M2M\xe2\x80\xa6 https://t.co/qkjGxOQvEq"" ""@2morrowknight Just a shame that the majority of companies building #IoT devices don't give a shit""",-1
Tweet," 'When asked, ""what exactly does \'IoT\' mean to you?"", 58% of tech executives at  responded, ""It means we get to charge more, dummy"" #FakeStats'",-1
Reply," 'When asked, ""what exactly does \'IoT\' mean to you?"", 58% of tech executives at  responded, ""It means we get to charge more, dummy"" #FakeStats' '@Chris_Gammell Internally Obfuscated Things #iot'",-1
Tweet, 'Follow everyone who FAV this \xf0\x9f\x8d\x90',1
Reply, 'Follow everyone who FAV this \xf0\x9f\x8d\x90' '@projetofftricqk #MyCarWink #CarWink is helping to minimize road rage. Check it out on #Kickstarter in only 6 days!\xe2\x80\xa6 https://t.co/CYlvFxZ3Bp',1
Tweet, 'follow everyone who likes this\xf0\x9f\x8c\x99',1
Reply, 'follow everyone who likes this\xf0\x9f\x8c\x99' '@TheGainHive @GainsAreUs #MyCarWink #CarWink is helping to minimize road rage. Check it out on #Kickstarter in only\xe2\x80\xa6 https://t.co/QWrOTg7ps7',1
