Tweet, '@Bville_Superman @BigBankL_ @caramelambition @PrynceJacobs Wild times lmaooo',1
Reply, '@Bville_Superman @BigBankL_ @caramelambition @PrynceJacobs Wild times lmaooo' '@cjjc1316 @Bville_Superman @caramelambition @PrynceJacobs Cant believe she disrespected my baby #IphoneX',1
Tweet," 'Despite me still hating the display of the Pixel 2 XL, the camera and Android Oreo keep me coming back. The softwar\xe2\x80\xa6 https://t.co/DgNB0bxmkV'",1
Reply," 'Despite me still hating the display of the Pixel 2 XL, the camera and Android Oreo keep me coming back. The softwar\xe2\x80\xa6 https://t.co/DgNB0bxmkV' '@superscientific Currently have the #iphoneX but I had the #pixel2 prior to the iPhone X, if it wasn\xe2\x80\x99t for iMessage\xe2\x80\xa6 https://t.co/Z8Tcftuxo5'",1
Tweet, 'iPhoneX\xe3\x81\xae\xe7\x94\xbb\xe9\x9d\xa2\xe3\x82\x92\xe9\x96\x8b\xe3\x81\x84\xe3\x81\xa6\xe3\x82\x8b\xe6\x99\x82\xe3\x81\xab\xe9\x80\x9a\xe7\x9f\xa5\xe3\x81\x8c\xe3\x81\x8d\xe3\x81\x9f\xe5\xa0\xb4\xe5\x90\x88\xe3\x81\xae\xe7\xa2\xba\xe8\xaa\x8d\xe6\x96\xb9\xe6\xb3\x95\xe3\x81\xa7\xe3\x81\x99\n\n\xe7\x9b\xae\xe8\xa6\x9a\xe3\x81\xbe\xe3\x81\x97\xe3\x81\x8c\xe7\x99\xba\xe5\x8b\x95\xe3\x81\x97\xe3\x81\x9f\xe5\xa0\xb4\xe5\x90\x88\xe3\x81\x93\xe3\x81\xae\xe3\x82\x84\xe3\x82\x8a\xe6\x96\xb9\xe3\x81\x8c\xe6\xa5\xbd\xe3\x81\xa7\xe3\x81\x99\n\n\xe9\x80\x9a\xe7\x9f\xa5\xe3\x81\x8c\xe3\x81\x8d\xe3\x81\x9f\xe3\x82\x89\xe3\x83\x9e\xe3\x83\xbc\xe3\x82\xaf\xe3\x81\x97\xe3\x81\x9f\xe3\x81\x82\xe3\x81\x9f\xe3\x82\x8a\xe3\x82\x92\xe4\xb8\x8b\xe3\x81\xab\xe3\x82\xb9\xe3\x83\xa9\xe3\x82\xa4\xe3\x83\x89\xe3\x81\x97\xe3\x81\xa6\xe3\x81\xbf\xe3\x81\xbe\xe3\x81\x97\xe3\x82\x87\xe3\x81\x86\n\n\xe3\x81\x99\xe3\x82\x8b\xe3\x81\xa8\xe3\x82\xb9\xe3\x83\x8c\xe3\x83\xbc\xe3\x82\xba\xe3\x81\xab\xe3\x81\x99\xe3\x82\x8b\xe3\x81\x8b\xe5\x81\x9c\xe6\xad\xa2\xe3\x81\x99\xe3\x82\x8b\xe3\x81\x8b\xe3\x81\x8c\xe9\x81\xb8\xe6\x8a\x9e\xe3\x81\xa7\xe3\x81\x8d\xe3\x81\xbe\xe3\x81\x99\n\n\xe3\x82\xb9\xe3\x83\xa9\xe3\x82\xa4\xe3\x83\x89\xe3\x81\x97\xe2\x80\xa6 https://t.co/ze4Y6J7UMH',1
Reply, 'iPhoneX\xe3\x81\xae\xe7\x94\xbb\xe9\x9d\xa2\xe3\x82\x92\xe9\x96\x8b\xe3\x81\x84\xe3\x81\xa6\xe3\x82\x8b\xe6\x99\x82\xe3\x81\xab\xe9\x80\x9a\xe7\x9f\xa5\xe3\x81\x8c\xe3\x81\x8d\xe3\x81\x9f\xe5\xa0\xb4\xe5\x90\x88\xe3\x81\xae\xe7\xa2\xba\xe8\xaa\x8d\xe6\x96\xb9\xe6\xb3\x95\xe3\x81\xa7\xe3\x81\x99\n\n\xe7\x9b\xae\xe8\xa6\x9a\xe3\x81\xbe\xe3\x81\x97\xe3\x81\x8c\xe7\x99\xba\xe5\x8b\x95\xe3\x81\x97\xe3\x81\x9f\xe5\xa0\xb4\xe5\x90\x88\xe3\x81\x93\xe3\x81\xae\xe3\x82\x84\xe3\x82\x8a\xe6\x96\xb9\xe3\x81\x8c\xe6\xa5\xbd\xe3\x81\xa7\xe3\x81\x99\n\n\xe9\x80\x9a\xe7\x9f\xa5\xe3\x81\x8c\xe3\x81\x8d\xe3\x81\x9f\xe3\x82\x89\xe3\x83\x9e\xe3\x83\xbc\xe3\x82\xaf\xe3\x81\x97\xe3\x81\x9f\xe3\x81\x82\xe3\x81\x9f\xe3\x82\x8a\xe3\x82\x92\xe4\xb8\x8b\xe3\x81\xab\xe3\x82\xb9\xe3\x83\xa9\xe3\x82\xa4\xe3\x83\x89\xe3\x81\x97\xe3\x81\xa6\xe3\x81\xbf\xe3\x81\xbe\xe3\x81\x97\xe3\x82\x87\xe3\x81\x86\n\n\xe3\x81\x99\xe3\x82\x8b\xe3\x81\xa8\xe3\x82\xb9\xe3\x83\x8c\xe3\x83\xbc\xe3\x82\xba\xe3\x81\xab\xe3\x81\x99\xe3\x82\x8b\xe3\x81\x8b\xe5\x81\x9c\xe6\xad\xa2\xe3\x81\x99\xe3\x82\x8b\xe3\x81\x8b\xe3\x81\x8c\xe9\x81\xb8\xe6\x8a\x9e\xe3\x81\xa7\xe3\x81\x8d\xe3\x81\xbe\xe3\x81\x99\n\n\xe3\x82\xb9\xe3\x83\xa9\xe3\x82\xa4\xe3\x83\x89\xe3\x81\x97\xe2\x80\xa6 https://t.co/ze4Y6J7UMH' '#\xe3\x82\xa2\xe3\x82\xa4\xe3\x83\x95\xe3\x82\xa9\xe3\x83\xb3X #iPhoneX',1
Tweet, 'I Tried The iPhone X \xe2\x80\x94 And The Killer Feature Is Its Size - BuzzFeed News https://t.co/FwFFfwOH6S',1
Reply, 'I Tried The iPhone X \xe2\x80\x94 And The Killer Feature Is Its Size - BuzzFeed News https://t.co/FwFFfwOH6S' '@BryceLim Did you get yours yet?  #iPhoneX',1
Tweet, '@MimiKendrix #dope',1
Reply, '@MimiKendrix #dope' '@boss2boss3 Really!?  I need to go check out some sample images of the #iPhoneX #camera and read some reviews hehe',1
Tweet," 'FOLLOW &amp; RETWEET TO #WIN THIS @Apple iPhone X, 256GB. #GIVEAWAY\nEnds: 24/11/17 #COMPETITION #iPhoneX https://t.co/BHTmtVp3qu'",1
Reply," 'FOLLOW &amp; RETWEET TO #WIN THIS @Apple iPhone X, 256GB. #GIVEAWAY\nEnds: 24/11/17 #COMPETITION #iPhoneX https://t.co/BHTmtVp3qu' '@PrizeSquad @Apple More\nFOLLOW &amp; RETWEET TO #WIN THIS @Apple iPhone X, 256GB. #GIVEAWAY\nEnds: 24/11/17 #COMPETITION #iPhoneX'",1
Reply," 'FOLLOW &amp; RETWEET TO #WIN THIS @Apple iPhone X, 256GB. #GIVEAWAY\nEnds: 24/11/17 #COMPETITION #iPhoneX https://t.co/BHTmtVp3qu' '@PrizeSquad @Apple More\nFOLLOW &amp; RETWEET TO #WIN THIS @Apple iPhone X, 256GB. #GIVEAWAY\nEnds: 24/11/17 #COMPETITION #iPhoneX' 'Ava\xe2\x80\x99s hair was rockin\xe2\x80\x99 tonight. On a geeky note, not impressed by the forward facing camera on the #iphonex in thi\xe2\x80\xa6\xe2\x80\xa6 https://t.co/DXiQq18SUX'",-1
Reply," 'FOLLOW &amp; RETWEET TO #WIN THIS @Apple iPhone X, 256GB. #GIVEAWAY\nEnds: 24/11/17 #COMPETITION #iPhoneX https://t.co/BHTmtVp3qu' '@PrizeSquad @Apple More\nFOLLOW &amp; RETWEET TO #WIN THIS @Apple iPhone X, 256GB. #GIVEAWAY\nEnds: 24/11/17 #COMPETITION #iPhoneX' 'Ava\xe2\x80\x99s hair was rockin\xe2\x80\x99 tonight. On a geeky note, not impressed by the forward facing camera on the #iphonex in thi\xe2\x80\xa6\xe2\x80\xa6 https://t.co/DXiQq18SUX' 'RT @NRGgg: #OverwatchSF Epic #iPhoneX #Giveaway\n-Tag Your Friends\n-RT, Like &amp; Follow @OverwatchSF\nClick Here: https://t.co/eqqywj9bF4 https\xe2\x80\xa6'",1
Reply," 'FOLLOW &amp; RETWEET TO #WIN THIS @Apple iPhone X, 256GB. #GIVEAWAY\nEnds: 24/11/17 #COMPETITION #iPhoneX https://t.co/BHTmtVp3qu' '@PrizeSquad @Apple More\nFOLLOW &amp; RETWEET TO #WIN THIS @Apple iPhone X, 256GB. #GIVEAWAY\nEnds: 24/11/17 #COMPETITION #iPhoneX' 'Ava\xe2\x80\x99s hair was rockin\xe2\x80\x99 tonight. On a geeky note, not impressed by the forward facing camera on the #iphonex in thi\xe2\x80\xa6\xe2\x80\xa6 https://t.co/DXiQq18SUX' 'RT @NRGgg: #OverwatchSF Epic #iPhoneX #Giveaway\n-Tag Your Friends\n-RT, Like &amp; Follow @OverwatchSF\nClick Here: https://t.co/eqqywj9bF4 https\xe2\x80\xa6' 'RT @winitonline: FOLLOW @PrizeSquad &amp; RETWEET TO #WIN THIS @Apple iPhone X, 256GB. #GIVEAWAY Ends: 24/11/17 #COMPETITION #iPhoneX https://t\xe2\x80\xa6'",1
Reply," 'FOLLOW &amp; RETWEET TO #WIN THIS @Apple iPhone X, 256GB. #GIVEAWAY\nEnds: 24/11/17 #COMPETITION #iPhoneX https://t.co/BHTmtVp3qu' '@PrizeSquad @Apple More\nFOLLOW &amp; RETWEET TO #WIN THIS @Apple iPhone X, 256GB. #GIVEAWAY\nEnds: 24/11/17 #COMPETITION #iPhoneX' 'Ava\xe2\x80\x99s hair was rockin\xe2\x80\x99 tonight. On a geeky note, not impressed by the forward facing camera on the #iphonex in thi\xe2\x80\xa6\xe2\x80\xa6 https://t.co/DXiQq18SUX' 'RT @NRGgg: #OverwatchSF Epic #iPhoneX #Giveaway\n-Tag Your Friends\n-RT, Like &amp; Follow @OverwatchSF\nClick Here: https://t.co/eqqywj9bF4 https\xe2\x80\xa6' 'RT @winitonline: FOLLOW @PrizeSquad &amp; RETWEET TO #WIN THIS @Apple iPhone X, 256GB. #GIVEAWAY Ends: 24/11/17 #COMPETITION #iPhoneX https://t\xe2\x80\xa6' 'RT @ronnyvlog: #AnimojiKaraoke #iphonex https://t.co/fT9NDwWZlL'",1
Reply," 'FOLLOW &amp; RETWEET TO #WIN THIS @Apple iPhone X, 256GB. #GIVEAWAY\nEnds: 24/11/17 #COMPETITION #iPhoneX https://t.co/BHTmtVp3qu' '@PrizeSquad @Apple More\nFOLLOW &amp; RETWEET TO #WIN THIS @Apple iPhone X, 256GB. #GIVEAWAY\nEnds: 24/11/17 #COMPETITION #iPhoneX' 'Ava\xe2\x80\x99s hair was rockin\xe2\x80\x99 tonight. On a geeky note, not impressed by the forward facing camera on the #iphonex in thi\xe2\x80\xa6\xe2\x80\xa6 https://t.co/DXiQq18SUX' 'RT @NRGgg: #OverwatchSF Epic #iPhoneX #Giveaway\n-Tag Your Friends\n-RT, Like &amp; Follow @OverwatchSF\nClick Here: https://t.co/eqqywj9bF4 https\xe2\x80\xa6' 'RT @winitonline: FOLLOW @PrizeSquad &amp; RETWEET TO #WIN THIS @Apple iPhone X, 256GB. #GIVEAWAY Ends: 24/11/17 #COMPETITION #iPhoneX https://t\xe2\x80\xa6' 'RT @ronnyvlog: #AnimojiKaraoke #iphonex https://t.co/fT9NDwWZlL' 'RT @Present_RT_FR: \xe3\x80\x90iPhoneX \xe7\x99\xba\xe5\xa3\xb2\xe3\x82\xad\xe3\x83\xa3\xe3\x83\xb3\xe3\x83\x9a\xe3\x83\xbc\xe3\x83\xb3\xe2\x9d\x97\xef\xb8\x8f\xe3\x80\x91\n\xe3\x80\x90Apple iPhone X\xe3\x80\x91\n\xe3\x81\x8c1\xe5\x90\x8d\xe6\xa7\x98\xe3\x81\xab\xe6\x8a\xbd\xe9\x81\xb8\xe3\x81\xa7\xe5\xbd\x93\xe3\x81\x9f\xe3\x82\x8b\xef\xbc\x81\n\xe3\x80\x90\xe5\xbf\x9c\xe5\x8b\x9f\xe6\x96\xb9\xe6\xb3\x95\xe3\x80\x91\n\xe3\x83\x95\xe3\x82\xa9\xe3\x83\xad\xe3\x83\xbc\xe2\x9e\xa1\xef\xb8\x8e\xe3\x83\xaa\xe3\x83\x84\xe3\x82\xa4\xe3\x83\xbc\xe3\x83\x88\xe2\x9e\xa1\xef\xb8\x8e\xe7\xb5\x90\xe6\x9e\x9c\xe7\x99\xba\xe8\xa1\xa8\n\xe2\x80\xbb\xe6\x9c\x9f\xe9\x99\x9012\xe6\x9c\x881\xe6\x97\xa5\n#\xe3\x83\x97\xe3\x83\xac\xe3\x82\xbc\xe3\x83\xb3\xe3\x83\x88\xe4\xbc\x81\xe7\x94\xbb #\xe6\x87\xb8\xe8\xb3\x9e #Apple\n#iPhoneX https:\xe2\x80\xa6'",1
Tweet," ""@tamz12 I prefer Android but maybe it's just me.""",1
Reply," ""@tamz12 I prefer Android but maybe it's just me."" '@ianmalcolmhelps I was considering the Samsung S8 but then the #iphoneX won me over.'",-1
Tweet," 'Feel good about my progress, 17yrs strong loving every minute. #consistency https://t.co/v1Scv2JidY'",1
Reply," 'Feel good about my progress, 17yrs strong loving every minute. #consistency https://t.co/v1Scv2JidY' ""@SimeonPanda Didn't u buy the #iPhoneX yet?""",1
Tweet, '@SirJadeja @chintskap If POK is yours when are you gonna claim it and hoist the tricolour... I wait for d day when\xe2\x80\xa6 https://t.co/I8TdaCDS07',1
Reply, '@SirJadeja @chintskap If POK is yours when are you gonna claim it and hoist the tricolour... I wait for d day when\xe2\x80\xa6 https://t.co/I8TdaCDS07' '@SirJadeja @chintskap And while u r there don\xe2\x80\x99t forget to use #Paytm to transfer 15lakhs to my account .. god knows\xe2\x80\xa6 https://t.co/FaLVucAShD',1
Tweet, 'Best: https://t.co/8WSkOWTvAr via @YouTube',1
Reply, 'Best: https://t.co/8WSkOWTvAr via @YouTube' '@tailosivetech @YouTube #iPhoneX is AMAZING \xf0\x9f\x98\x89',1
Tweet, 'Hey https://t.co/XcqDhl0XoC are u ready for 11/14 ... I\xe2\x80\x99m worried .. https://t.co/HfToMZcc6S',1
Reply, 'Hey https://t.co/XcqDhl0XoC are u ready for 11/14 ... I\xe2\x80\x99m worried .. https://t.co/HfToMZcc6S' '@garyvee Which u like better silver or gray #iPhoneX  @garyvee',1
Tweet, '@GerberKawasaki @DuoMaxwell_Rx Will wait for comment till you drop it once :)',1
Reply, '@GerberKawasaki @DuoMaxwell_Rx Will wait for comment till you drop it once :)' '@an_a_nd @DuoMaxwell_Rx One successful drop. No damage. Removed from two year old hands very quickly. The kids love\xe2\x80\xa6 https://t.co/2QhqZD5CPs',1
Tweet," ""@UteWillGeek We'd like to look into your situation further. Please DM us here: https://t.co/GDrqU22YpT""",1
Reply," ""@UteWillGeek We'd like to look into your situation further. Please DM us here: https://t.co/GDrqU22YpT"" ""@AppleSupport Your customer service is a joke. Chat support says they are not apple. Phone just doesn't take calls.\xe2\x80\xa6 https://t.co/5gdAgUl75J""",-1
Tweet, '@EzTech231 Next iPhone no display',-1
Reply, '@EzTech231 Next iPhone no display' '@superscientific @BrandonMiniman @EzTech231 They are already starting to cut corners #iPhoneX',1
Tweet, 'Ya WCW got her nails done instead of getting an oil change. Her car broke down. She walking back to the crib in the\xe2\x80\xa6 https://t.co/AMbQpxZTzF',-1
Reply," 'Ya WCW got her nails done instead of getting an oil change. Her car broke down. She walking back to the crib in the\xe2\x80\xa6 https://t.co/AMbQpxZTzF' '@SaiIBoat @distanttraveIs She\xe2\x80\x99s dumb af, #iphoneX allows Passcodes when Face ID Fails one time.'",1
Tweet," 'Looking for Siri on #iPhoneX? You can either say ""Hey Siri"" or press and hold the side button to ask a question. https://t.co/XyIjiaioXi'",1
Reply," 'Looking for Siri on #iPhoneX? You can either say ""Hey Siri"" or press and hold the side button to ask a question. https://t.co/XyIjiaioXi' '@AppleSupport Got to find a blasted #iphoneX first!!! I\xe2\x80\x99m not A patient person \xf0\x9f\x98\x82\xf0\x9f\x98\x82\xf0\x9f\x98\x82'",1
Tweet," '@milenkopantovic @drVladaKg Sa\xc4\x8dekaj #iPhoneX. Mo\xc5\xbeda se predomisli\xc5\xa1, a mo\xc5\xbeda i ne. Situacija \xc4\x87e biti jasnija u svako\xe2\x80\xa6 https://t.co/HIsCcGdFN5'",1
Reply," '@milenkopantovic @drVladaKg Sa\xc4\x8dekaj #iPhoneX. Mo\xc5\xbeda se predomisli\xc5\xa1, a mo\xc5\xbeda i ne. Situacija \xc4\x87e biti jasnija u svako\xe2\x80\xa6 https://t.co/HIsCcGdFN5' '@Mikenziyu @milenkopantovic #iPhoneX \xc4\x87e verovatno biti zver ali bre i cena mu je monstruozna, cena za iPhone je uve\xe2\x80\xa6 https://t.co/7OqXUuHdaX'",1
Tweet, '@Mikenziyu @drVladaKg Dakle sve sam bli\xc5\xbei osmici...mislim da \xc4\x87e ipak biti obi\xc4\x8dan a ne plus...meni je prakti\xc4\x8dniji i\xe2\x80\xa6 https://t.co/2C4Lkm9hEK',1
Reply," '@Mikenziyu @drVladaKg Dakle sve sam bli\xc5\xbei osmici...mislim da \xc4\x87e ipak biti obi\xc4\x8dan a ne plus...meni je prakti\xc4\x8dniji i\xe2\x80\xa6 https://t.co/2C4Lkm9hEK' '@milenkopantovic @drVladaKg Sa\xc4\x8dekaj #iPhoneX. Mo\xc5\xbeda se predomisli\xc5\xa1, a mo\xc5\xbeda i ne. Situacija \xc4\x87e biti jasnija u svako\xe2\x80\xa6 https://t.co/HIsCcGdFN5'",1
Tweet, 'Next #IphoneX giveaway will ONLY be for #SnapChat followers if you haven\xe2\x80\x99t already hit me up... giveaway will take\xe2\x80\xa6 https://t.co/mzxdBS2eaw',1
Reply, 'Next #IphoneX giveaway will ONLY be for #SnapChat followers if you haven\xe2\x80\x99t already hit me up... giveaway will take\xe2\x80\xa6 https://t.co/mzxdBS2eaw' '@KHANZTV Already done\xf0\x9f\x98\x8a\nDownloaded specially for u\xf0\x9f\x98\x89\n#iPhoneX #KhanZtvFam',1
Tweet, '#Win an #iPhoneX (ends 6/8) https://t.co/vxbDin8kXl',1
Reply, '#Win an #iPhoneX (ends 6/8) https://t.co/vxbDin8kXl' '@CompsToday #iPhoneX',1
Tweet, 'To enter &amp; to Win #iphoneX post a selfie holding a sign saying #KhanZtvFam .winners will be announced Within 48hrs from nw! Post post post',1
Reply, 'To enter &amp; to Win #iphoneX post a selfie holding a sign saying #KhanZtvFam .winners will be announced Within 48hrs from nw! Post post post' '@KHANZTV Done #KhanZtvFam #iPhoneX',1
Reply," 'To enter &amp; to Win #iphoneX post a selfie holding a sign saying #KhanZtvFam .winners will be announced Within 48hrs from nw! Post post post' '@KHANZTV Done #KhanZtvFam #iPhoneX' 'Ava\xe2\x80\x99s hair was rockin\xe2\x80\x99 tonight. On a geeky note, not impressed by the forward facing camera on the #iphonex in thi\xe2\x80\xa6\xe2\x80\xa6 https://t.co/DXiQq18SUX'",1
Reply," 'To enter &amp; to Win #iphoneX post a selfie holding a sign saying #KhanZtvFam .winners will be announced Within 48hrs from nw! Post post post' '@KHANZTV Done #KhanZtvFam #iPhoneX' 'Ava\xe2\x80\x99s hair was rockin\xe2\x80\x99 tonight. On a geeky note, not impressed by the forward facing camera on the #iphonex in thi\xe2\x80\xa6\xe2\x80\xa6 https://t.co/DXiQq18SUX' 'RT @NRGgg: #OverwatchSF Epic #iPhoneX #Giveaway\n-Tag Your Friends\n-RT, Like &amp; Follow @OverwatchSF\nClick Here: https://t.co/eqqywj9bF4 https\xe2\x80\xa6'",1
Reply," 'To enter &amp; to Win #iphoneX post a selfie holding a sign saying #KhanZtvFam .winners will be announced Within 48hrs from nw! Post post post' '@KHANZTV Done #KhanZtvFam #iPhoneX' 'Ava\xe2\x80\x99s hair was rockin\xe2\x80\x99 tonight. On a geeky note, not impressed by the forward facing camera on the #iphonex in thi\xe2\x80\xa6\xe2\x80\xa6 https://t.co/DXiQq18SUX' 'RT @NRGgg: #OverwatchSF Epic #iPhoneX #Giveaway\n-Tag Your Friends\n-RT, Like &amp; Follow @OverwatchSF\nClick Here: https://t.co/eqqywj9bF4 https\xe2\x80\xa6' 'RT @winitonline: FOLLOW @PrizeSquad &amp; RETWEET TO #WIN THIS @Apple iPhone X, 256GB. #GIVEAWAY Ends: 24/11/17 #COMPETITION #iPhoneX https://t\xe2\x80\xa6'",1
Reply," 'To enter &amp; to Win #iphoneX post a selfie holding a sign saying #KhanZtvFam .winners will be announced Within 48hrs from nw! Post post post' '@KHANZTV Done #KhanZtvFam #iPhoneX' 'Ava\xe2\x80\x99s hair was rockin\xe2\x80\x99 tonight. On a geeky note, not impressed by the forward facing camera on the #iphonex in thi\xe2\x80\xa6\xe2\x80\xa6 https://t.co/DXiQq18SUX' 'RT @NRGgg: #OverwatchSF Epic #iPhoneX #Giveaway\n-Tag Your Friends\n-RT, Like &amp; Follow @OverwatchSF\nClick Here: https://t.co/eqqywj9bF4 https\xe2\x80\xa6' 'RT @winitonline: FOLLOW @PrizeSquad &amp; RETWEET TO #WIN THIS @Apple iPhone X, 256GB. #GIVEAWAY Ends: 24/11/17 #COMPETITION #iPhoneX https://t\xe2\x80\xa6' 'RT @ronnyvlog: #AnimojiKaraoke #iphonex https://t.co/fT9NDwWZlL'",1
Tweet," '5 new #iPhoneX all for the giveaway who\xe2\x80\x99s excited?? To enter Follow on instagram, Snapchat, Twitter and subscriber\xe2\x80\xa6 https://t.co/Q7YTtrbmep'",1
Reply," '5 new #iPhoneX all for the giveaway who\xe2\x80\x99s excited?? To enter Follow on instagram, Snapchat, Twitter and subscriber\xe2\x80\xa6 https://t.co/Q7YTtrbmep' '@KHANZTV Done #KhanZtvFam #iPhoneX'",1
Reply," '5 new #iPhoneX all for the giveaway who\xe2\x80\x99s excited?? To enter Follow on instagram, Snapchat, Twitter and subscriber\xe2\x80\xa6 https://t.co/Q7YTtrbmep' '@KHANZTV Done #KhanZtvFam #iPhoneX' 'Ava\xe2\x80\x99s hair was rockin\xe2\x80\x99 tonight. On a geeky note, not impressed by the forward facing camera on the #iphonex in thi\xe2\x80\xa6\xe2\x80\xa6 https://t.co/DXiQq18SUX'",1
Reply," '5 new #iPhoneX all for the giveaway who\xe2\x80\x99s excited?? To enter Follow on instagram, Snapchat, Twitter and subscriber\xe2\x80\xa6 https://t.co/Q7YTtrbmep' '@KHANZTV Done #KhanZtvFam #iPhoneX' 'Ava\xe2\x80\x99s hair was rockin\xe2\x80\x99 tonight. On a geeky note, not impressed by the forward facing camera on the #iphonex in thi\xe2\x80\xa6\xe2\x80\xa6 https://t.co/DXiQq18SUX' 'RT @NRGgg: #OverwatchSF Epic #iPhoneX #Giveaway\n-Tag Your Friends\n-RT, Like &amp; Follow @OverwatchSF\nClick Here: https://t.co/eqqywj9bF4 https\xe2\x80\xa6'",1
Reply," '5 new #iPhoneX all for the giveaway who\xe2\x80\x99s excited?? To enter Follow on instagram, Snapchat, Twitter and subscriber\xe2\x80\xa6 https://t.co/Q7YTtrbmep' '@KHANZTV Done #KhanZtvFam #iPhoneX' 'Ava\xe2\x80\x99s hair was rockin\xe2\x80\x99 tonight. On a geeky note, not impressed by the forward facing camera on the #iphonex in thi\xe2\x80\xa6\xe2\x80\xa6 https://t.co/DXiQq18SUX' 'RT @NRGgg: #OverwatchSF Epic #iPhoneX #Giveaway\n-Tag Your Friends\n-RT, Like &amp; Follow @OverwatchSF\nClick Here: https://t.co/eqqywj9bF4 https\xe2\x80\xa6' 'RT @winitonline: FOLLOW @PrizeSquad &amp; RETWEET TO #WIN THIS @Apple iPhone X, 256GB. #GIVEAWAY Ends: 24/11/17 #COMPETITION #iPhoneX https://t\xe2\x80\xa6'",1
Reply," '5 new #iPhoneX all for the giveaway who\xe2\x80\x99s excited?? To enter Follow on instagram, Snapchat, Twitter and subscriber\xe2\x80\xa6 https://t.co/Q7YTtrbmep' '@KHANZTV Done #KhanZtvFam #iPhoneX' 'Ava\xe2\x80\x99s hair was rockin\xe2\x80\x99 tonight. On a geeky note, not impressed by the forward facing camera on the #iphonex in thi\xe2\x80\xa6\xe2\x80\xa6 https://t.co/DXiQq18SUX' 'RT @NRGgg: #OverwatchSF Epic #iPhoneX #Giveaway\n-Tag Your Friends\n-RT, Like &amp; Follow @OverwatchSF\nClick Here: https://t.co/eqqywj9bF4 https\xe2\x80\xa6' 'RT @winitonline: FOLLOW @PrizeSquad &amp; RETWEET TO #WIN THIS @Apple iPhone X, 256GB. #GIVEAWAY Ends: 24/11/17 #COMPETITION #iPhoneX https://t\xe2\x80\xa6' 'RT @ronnyvlog: #AnimojiKaraoke #iphonex https://t.co/fT9NDwWZlL'",1
Reply," '5 new #iPhoneX all for the giveaway who\xe2\x80\x99s excited?? To enter Follow on instagram, Snapchat, Twitter and subscriber\xe2\x80\xa6 https://t.co/Q7YTtrbmep' '@KHANZTV Done #KhanZtvFam #iPhoneX' 'Ava\xe2\x80\x99s hair was rockin\xe2\x80\x99 tonight. On a geeky note, not impressed by the forward facing camera on the #iphonex in thi\xe2\x80\xa6\xe2\x80\xa6 https://t.co/DXiQq18SUX' 'RT @NRGgg: #OverwatchSF Epic #iPhoneX #Giveaway\n-Tag Your Friends\n-RT, Like &amp; Follow @OverwatchSF\nClick Here: https://t.co/eqqywj9bF4 https\xe2\x80\xa6' 'RT @winitonline: FOLLOW @PrizeSquad &amp; RETWEET TO #WIN THIS @Apple iPhone X, 256GB. #GIVEAWAY Ends: 24/11/17 #COMPETITION #iPhoneX https://t\xe2\x80\xa6' 'RT @ronnyvlog: #AnimojiKaraoke #iphonex https://t.co/fT9NDwWZlL' 'RT @Present_RT_FR: \xe3\x80\x90iPhoneX \xe7\x99\xba\xe5\xa3\xb2\xe3\x82\xad\xe3\x83\xa3\xe3\x83\xb3\xe3\x83\x9a\xe3\x83\xbc\xe3\x83\xb3\xe2\x9d\x97\xef\xb8\x8f\xe3\x80\x91\n\xe3\x80\x90Apple iPhone X\xe3\x80\x91\n\xe3\x81\x8c1\xe5\x90\x8d\xe6\xa7\x98\xe3\x81\xab\xe6\x8a\xbd\xe9\x81\xb8\xe3\x81\xa7\xe5\xbd\x93\xe3\x81\x9f\xe3\x82\x8b\xef\xbc\x81\n\xe3\x80\x90\xe5\xbf\x9c\xe5\x8b\x9f\xe6\x96\xb9\xe6\xb3\x95\xe3\x80\x91\n\xe3\x83\x95\xe3\x82\xa9\xe3\x83\xad\xe3\x83\xbc\xe2\x9e\xa1\xef\xb8\x8e\xe3\x83\xaa\xe3\x83\x84\xe3\x82\xa4\xe3\x83\xbc\xe3\x83\x88\xe2\x9e\xa1\xef\xb8\x8e\xe7\xb5\x90\xe6\x9e\x9c\xe7\x99\xba\xe8\xa1\xa8\n\xe2\x80\xbb\xe6\x9c\x9f\xe9\x99\x9012\xe6\x9c\x881\xe6\x97\xa5\n#\xe3\x83\x97\xe3\x83\xac\xe3\x82\xbc\xe3\x83\xb3\xe3\x83\x88\xe4\xbc\x81\xe7\x94\xbb #\xe6\x87\xb8\xe8\xb3\x9e #Apple\n#iPhoneX https:\xe2\x80\xa6'",1
Reply," '5 new #iPhoneX all for the giveaway who\xe2\x80\x99s excited?? To enter Follow on instagram, Snapchat, Twitter and subscriber\xe2\x80\xa6 https://t.co/Q7YTtrbmep' '@KHANZTV Done #KhanZtvFam #iPhoneX' 'Ava\xe2\x80\x99s hair was rockin\xe2\x80\x99 tonight. On a geeky note, not impressed by the forward facing camera on the #iphonex in thi\xe2\x80\xa6\xe2\x80\xa6 https://t.co/DXiQq18SUX' 'RT @NRGgg: #OverwatchSF Epic #iPhoneX #Giveaway\n-Tag Your Friends\n-RT, Like &amp; Follow @OverwatchSF\nClick Here: https://t.co/eqqywj9bF4 https\xe2\x80\xa6' 'RT @winitonline: FOLLOW @PrizeSquad &amp; RETWEET TO #WIN THIS @Apple iPhone X, 256GB. #GIVEAWAY Ends: 24/11/17 #COMPETITION #iPhoneX https://t\xe2\x80\xa6' 'RT @ronnyvlog: #AnimojiKaraoke #iphonex https://t.co/fT9NDwWZlL' 'RT @Present_RT_FR: \xe3\x80\x90iPhoneX \xe7\x99\xba\xe5\xa3\xb2\xe3\x82\xad\xe3\x83\xa3\xe3\x83\xb3\xe3\x83\x9a\xe3\x83\xbc\xe3\x83\xb3\xe2\x9d\x97\xef\xb8\x8f\xe3\x80\x91\n\xe3\x80\x90Apple iPhone X\xe3\x80\x91\n\xe3\x81\x8c1\xe5\x90\x8d\xe6\xa7\x98\xe3\x81\xab\xe6\x8a\xbd\xe9\x81\xb8\xe3\x81\xa7\xe5\xbd\x93\xe3\x81\x9f\xe3\x82\x8b\xef\xbc\x81\n\xe3\x80\x90\xe5\xbf\x9c\xe5\x8b\x9f\xe6\x96\xb9\xe6\xb3\x95\xe3\x80\x91\n\xe3\x83\x95\xe3\x82\xa9\xe3\x83\xad\xe3\x83\xbc\xe2\x9e\xa1\xef\xb8\x8e\xe3\x83\xaa\xe3\x83\x84\xe3\x82\xa4\xe3\x83\xbc\xe3\x83\x88\xe2\x9e\xa1\xef\xb8\x8e\xe7\xb5\x90\xe6\x9e\x9c\xe7\x99\xba\xe8\xa1\xa8\n\xe2\x80\xbb\xe6\x9c\x9f\xe9\x99\x9012\xe6\x9c\x881\xe6\x97\xa5\n#\xe3\x83\x97\xe3\x83\xac\xe3\x82\xbc\xe3\x83\xb3\xe3\x83\x88\xe4\xbc\x81\xe7\x94\xbb #\xe6\x87\xb8\xe8\xb3\x9e #Apple\n#iPhoneX https:\xe2\x80\xa6' 'RT @Gargeth: Enter This #iPhoneX, Logitech Keyboard/Mouse, and #Overwatch Loot Boxes #Giveaway! https://t.co/GBszYwKwCX'",1
Reply," '5 new #iPhoneX all for the giveaway who\xe2\x80\x99s excited?? To enter Follow on instagram, Snapchat, Twitter and subscriber\xe2\x80\xa6 https://t.co/Q7YTtrbmep' '@KHANZTV Done #KhanZtvFam #iPhoneX' 'Ava\xe2\x80\x99s hair was rockin\xe2\x80\x99 tonight. On a geeky note, not impressed by the forward facing camera on the #iphonex in thi\xe2\x80\xa6\xe2\x80\xa6 https://t.co/DXiQq18SUX' 'RT @NRGgg: #OverwatchSF Epic #iPhoneX #Giveaway\n-Tag Your Friends\n-RT, Like &amp; Follow @OverwatchSF\nClick Here: https://t.co/eqqywj9bF4 https\xe2\x80\xa6' 'RT @winitonline: FOLLOW @PrizeSquad &amp; RETWEET TO #WIN THIS @Apple iPhone X, 256GB. #GIVEAWAY Ends: 24/11/17 #COMPETITION #iPhoneX https://t\xe2\x80\xa6' 'RT @ronnyvlog: #AnimojiKaraoke #iphonex https://t.co/fT9NDwWZlL' 'RT @Present_RT_FR: \xe3\x80\x90iPhoneX \xe7\x99\xba\xe5\xa3\xb2\xe3\x82\xad\xe3\x83\xa3\xe3\x83\xb3\xe3\x83\x9a\xe3\x83\xbc\xe3\x83\xb3\xe2\x9d\x97\xef\xb8\x8f\xe3\x80\x91\n\xe3\x80\x90Apple iPhone X\xe3\x80\x91\n\xe3\x81\x8c1\xe5\x90\x8d\xe6\xa7\x98\xe3\x81\xab\xe6\x8a\xbd\xe9\x81\xb8\xe3\x81\xa7\xe5\xbd\x93\xe3\x81\x9f\xe3\x82\x8b\xef\xbc\x81\n\xe3\x80\x90\xe5\xbf\x9c\xe5\x8b\x9f\xe6\x96\xb9\xe6\xb3\x95\xe3\x80\x91\n\xe3\x83\x95\xe3\x82\xa9\xe3\x83\xad\xe3\x83\xbc\xe2\x9e\xa1\xef\xb8\x8e\xe3\x83\xaa\xe3\x83\x84\xe3\x82\xa4\xe3\x83\xbc\xe3\x83\x88\xe2\x9e\xa1\xef\xb8\x8e\xe7\xb5\x90\xe6\x9e\x9c\xe7\x99\xba\xe8\xa1\xa8\n\xe2\x80\xbb\xe6\x9c\x9f\xe9\x99\x9012\xe6\x9c\x881\xe6\x97\xa5\n#\xe3\x83\x97\xe3\x83\xac\xe3\x82\xbc\xe3\x83\xb3\xe3\x83\x88\xe4\xbc\x81\xe7\x94\xbb #\xe6\x87\xb8\xe8\xb3\x9e #Apple\n#iPhoneX https:\xe2\x80\xa6' 'RT @Gargeth: Enter This #iPhoneX, Logitech Keyboard/Mouse, and #Overwatch Loot Boxes #Giveaway! https://t.co/GBszYwKwCX' 'Got to play with an #iPhoneX. \nVery intuitive. \nWorked just like my #Galaxy6'",1
Reply," '5 new #iPhoneX all for the giveaway who\xe2\x80\x99s excited?? To enter Follow on instagram, Snapchat, Twitter and subscriber\xe2\x80\xa6 https://t.co/Q7YTtrbmep' '@KHANZTV Done #KhanZtvFam #iPhoneX' 'Ava\xe2\x80\x99s hair was rockin\xe2\x80\x99 tonight. On a geeky note, not impressed by the forward facing camera on the #iphonex in thi\xe2\x80\xa6\xe2\x80\xa6 https://t.co/DXiQq18SUX' 'RT @NRGgg: #OverwatchSF Epic #iPhoneX #Giveaway\n-Tag Your Friends\n-RT, Like &amp; Follow @OverwatchSF\nClick Here: https://t.co/eqqywj9bF4 https\xe2\x80\xa6' 'RT @winitonline: FOLLOW @PrizeSquad &amp; RETWEET TO #WIN THIS @Apple iPhone X, 256GB. #GIVEAWAY Ends: 24/11/17 #COMPETITION #iPhoneX https://t\xe2\x80\xa6' 'RT @ronnyvlog: #AnimojiKaraoke #iphonex https://t.co/fT9NDwWZlL' 'RT @Present_RT_FR: \xe3\x80\x90iPhoneX \xe7\x99\xba\xe5\xa3\xb2\xe3\x82\xad\xe3\x83\xa3\xe3\x83\xb3\xe3\x83\x9a\xe3\x83\xbc\xe3\x83\xb3\xe2\x9d\x97\xef\xb8\x8f\xe3\x80\x91\n\xe3\x80\x90Apple iPhone X\xe3\x80\x91\n\xe3\x81\x8c1\xe5\x90\x8d\xe6\xa7\x98\xe3\x81\xab\xe6\x8a\xbd\xe9\x81\xb8\xe3\x81\xa7\xe5\xbd\x93\xe3\x81\x9f\xe3\x82\x8b\xef\xbc\x81\n\xe3\x80\x90\xe5\xbf\x9c\xe5\x8b\x9f\xe6\x96\xb9\xe6\xb3\x95\xe3\x80\x91\n\xe3\x83\x95\xe3\x82\xa9\xe3\x83\xad\xe3\x83\xbc\xe2\x9e\xa1\xef\xb8\x8e\xe3\x83\xaa\xe3\x83\x84\xe3\x82\xa4\xe3\x83\xbc\xe3\x83\x88\xe2\x9e\xa1\xef\xb8\x8e\xe7\xb5\x90\xe6\x9e\x9c\xe7\x99\xba\xe8\xa1\xa8\n\xe2\x80\xbb\xe6\x9c\x9f\xe9\x99\x9012\xe6\x9c\x881\xe6\x97\xa5\n#\xe3\x83\x97\xe3\x83\xac\xe3\x82\xbc\xe3\x83\xb3\xe3\x83\x88\xe4\xbc\x81\xe7\x94\xbb #\xe6\x87\xb8\xe8\xb3\x9e #Apple\n#iPhoneX https:\xe2\x80\xa6' 'RT @Gargeth: Enter This #iPhoneX, Logitech Keyboard/Mouse, and #Overwatch Loot Boxes #Giveaway! https://t.co/GBszYwKwCX' 'Got to play with an #iPhoneX. \nVery intuitive. \nWorked just like my #Galaxy6' 'RT @DashieXP: OMFG I\xe2\x80\x99m cute as FUCK!!\n#iPhoneX #AniMoji https://t.co/UiOBdsaum2'",1
Reply," '5 new #iPhoneX all for the giveaway who\xe2\x80\x99s excited?? To enter Follow on instagram, Snapchat, Twitter and subscriber\xe2\x80\xa6 https://t.co/Q7YTtrbmep' '@KHANZTV Done #KhanZtvFam #iPhoneX' 'Ava\xe2\x80\x99s hair was rockin\xe2\x80\x99 tonight. On a geeky note, not impressed by the forward facing camera on the #iphonex in thi\xe2\x80\xa6\xe2\x80\xa6 https://t.co/DXiQq18SUX' 'RT @NRGgg: #OverwatchSF Epic #iPhoneX #Giveaway\n-Tag Your Friends\n-RT, Like &amp; Follow @OverwatchSF\nClick Here: https://t.co/eqqywj9bF4 https\xe2\x80\xa6' 'RT @winitonline: FOLLOW @PrizeSquad &amp; RETWEET TO #WIN THIS @Apple iPhone X, 256GB. #GIVEAWAY Ends: 24/11/17 #COMPETITION #iPhoneX https://t\xe2\x80\xa6' 'RT @ronnyvlog: #AnimojiKaraoke #iphonex https://t.co/fT9NDwWZlL' 'RT @Present_RT_FR: \xe3\x80\x90iPhoneX \xe7\x99\xba\xe5\xa3\xb2\xe3\x82\xad\xe3\x83\xa3\xe3\x83\xb3\xe3\x83\x9a\xe3\x83\xbc\xe3\x83\xb3\xe2\x9d\x97\xef\xb8\x8f\xe3\x80\x91\n\xe3\x80\x90Apple iPhone X\xe3\x80\x91\n\xe3\x81\x8c1\xe5\x90\x8d\xe6\xa7\x98\xe3\x81\xab\xe6\x8a\xbd\xe9\x81\xb8\xe3\x81\xa7\xe5\xbd\x93\xe3\x81\x9f\xe3\x82\x8b\xef\xbc\x81\n\xe3\x80\x90\xe5\xbf\x9c\xe5\x8b\x9f\xe6\x96\xb9\xe6\xb3\x95\xe3\x80\x91\n\xe3\x83\x95\xe3\x82\xa9\xe3\x83\xad\xe3\x83\xbc\xe2\x9e\xa1\xef\xb8\x8e\xe3\x83\xaa\xe3\x83\x84\xe3\x82\xa4\xe3\x83\xbc\xe3\x83\x88\xe2\x9e\xa1\xef\xb8\x8e\xe7\xb5\x90\xe6\x9e\x9c\xe7\x99\xba\xe8\xa1\xa8\n\xe2\x80\xbb\xe6\x9c\x9f\xe9\x99\x9012\xe6\x9c\x881\xe6\x97\xa5\n#\xe3\x83\x97\xe3\x83\xac\xe3\x82\xbc\xe3\x83\xb3\xe3\x83\x88\xe4\xbc\x81\xe7\x94\xbb #\xe6\x87\xb8\xe8\xb3\x9e #Apple\n#iPhoneX https:\xe2\x80\xa6' 'RT @Gargeth: Enter This #iPhoneX, Logitech Keyboard/Mouse, and #Overwatch Loot Boxes #Giveaway! https://t.co/GBszYwKwCX' 'Got to play with an #iPhoneX. \nVery intuitive. \nWorked just like my #Galaxy6' 'RT @DashieXP: OMFG I\xe2\x80\x99m cute as FUCK!!\n#iPhoneX #AniMoji https://t.co/UiOBdsaum2' 'RT @baddicandii: Twitter I need 290K retweets on this tweet for brand new #iPhoneX help me please \xf0\x9f\x99\x8f https://t.co/k694Z8KlHW'",1
Reply," '5 new #iPhoneX all for the giveaway who\xe2\x80\x99s excited?? To enter Follow on instagram, Snapchat, Twitter and subscriber\xe2\x80\xa6 https://t.co/Q7YTtrbmep' '@KHANZTV Done #KhanZtvFam #iPhoneX' 'Ava\xe2\x80\x99s hair was rockin\xe2\x80\x99 tonight. On a geeky note, not impressed by the forward facing camera on the #iphonex in thi\xe2\x80\xa6\xe2\x80\xa6 https://t.co/DXiQq18SUX' 'RT @NRGgg: #OverwatchSF Epic #iPhoneX #Giveaway\n-Tag Your Friends\n-RT, Like &amp; Follow @OverwatchSF\nClick Here: https://t.co/eqqywj9bF4 https\xe2\x80\xa6' 'RT @winitonline: FOLLOW @PrizeSquad &amp; RETWEET TO #WIN THIS @Apple iPhone X, 256GB. #GIVEAWAY Ends: 24/11/17 #COMPETITION #iPhoneX https://t\xe2\x80\xa6' 'RT @ronnyvlog: #AnimojiKaraoke #iphonex https://t.co/fT9NDwWZlL' 'RT @Present_RT_FR: \xe3\x80\x90iPhoneX \xe7\x99\xba\xe5\xa3\xb2\xe3\x82\xad\xe3\x83\xa3\xe3\x83\xb3\xe3\x83\x9a\xe3\x83\xbc\xe3\x83\xb3\xe2\x9d\x97\xef\xb8\x8f\xe3\x80\x91\n\xe3\x80\x90Apple iPhone X\xe3\x80\x91\n\xe3\x81\x8c1\xe5\x90\x8d\xe6\xa7\x98\xe3\x81\xab\xe6\x8a\xbd\xe9\x81\xb8\xe3\x81\xa7\xe5\xbd\x93\xe3\x81\x9f\xe3\x82\x8b\xef\xbc\x81\n\xe3\x80\x90\xe5\xbf\x9c\xe5\x8b\x9f\xe6\x96\xb9\xe6\xb3\x95\xe3\x80\x91\n\xe3\x83\x95\xe3\x82\xa9\xe3\x83\xad\xe3\x83\xbc\xe2\x9e\xa1\xef\xb8\x8e\xe3\x83\xaa\xe3\x83\x84\xe3\x82\xa4\xe3\x83\xbc\xe3\x83\x88\xe2\x9e\xa1\xef\xb8\x8e\xe7\xb5\x90\xe6\x9e\x9c\xe7\x99\xba\xe8\xa1\xa8\n\xe2\x80\xbb\xe6\x9c\x9f\xe9\x99\x9012\xe6\x9c\x881\xe6\x97\xa5\n#\xe3\x83\x97\xe3\x83\xac\xe3\x82\xbc\xe3\x83\xb3\xe3\x83\x88\xe4\xbc\x81\xe7\x94\xbb #\xe6\x87\xb8\xe8\xb3\x9e #Apple\n#iPhoneX https:\xe2\x80\xa6' 'RT @Gargeth: Enter This #iPhoneX, Logitech Keyboard/Mouse, and #Overwatch Loot Boxes #Giveaway! https://t.co/GBszYwKwCX' 'Got to play with an #iPhoneX. \nVery intuitive. \nWorked just like my #Galaxy6' 'RT @DashieXP: OMFG I\xe2\x80\x99m cute as FUCK!!\n#iPhoneX #AniMoji https://t.co/UiOBdsaum2' 'RT @baddicandii: Twitter I need 290K retweets on this tweet for brand new #iPhoneX help me please \xf0\x9f\x99\x8f https://t.co/k694Z8KlHW' 'Can verify that @Apple #iPhoneX face recognition works while you are wearing a beauty face mask. #healthybeautyFTW'",1
Reply," '5 new #iPhoneX all for the giveaway who\xe2\x80\x99s excited?? To enter Follow on instagram, Snapchat, Twitter and subscriber\xe2\x80\xa6 https://t.co/Q7YTtrbmep' '@KHANZTV Done #KhanZtvFam #iPhoneX' 'Ava\xe2\x80\x99s hair was rockin\xe2\x80\x99 tonight. On a geeky note, not impressed by the forward facing camera on the #iphonex in thi\xe2\x80\xa6\xe2\x80\xa6 https://t.co/DXiQq18SUX' 'RT @NRGgg: #OverwatchSF Epic #iPhoneX #Giveaway\n-Tag Your Friends\n-RT, Like &amp; Follow @OverwatchSF\nClick Here: https://t.co/eqqywj9bF4 https\xe2\x80\xa6' 'RT @winitonline: FOLLOW @PrizeSquad &amp; RETWEET TO #WIN THIS @Apple iPhone X, 256GB. #GIVEAWAY Ends: 24/11/17 #COMPETITION #iPhoneX https://t\xe2\x80\xa6' 'RT @ronnyvlog: #AnimojiKaraoke #iphonex https://t.co/fT9NDwWZlL' 'RT @Present_RT_FR: \xe3\x80\x90iPhoneX \xe7\x99\xba\xe5\xa3\xb2\xe3\x82\xad\xe3\x83\xa3\xe3\x83\xb3\xe3\x83\x9a\xe3\x83\xbc\xe3\x83\xb3\xe2\x9d\x97\xef\xb8\x8f\xe3\x80\x91\n\xe3\x80\x90Apple iPhone X\xe3\x80\x91\n\xe3\x81\x8c1\xe5\x90\x8d\xe6\xa7\x98\xe3\x81\xab\xe6\x8a\xbd\xe9\x81\xb8\xe3\x81\xa7\xe5\xbd\x93\xe3\x81\x9f\xe3\x82\x8b\xef\xbc\x81\n\xe3\x80\x90\xe5\xbf\x9c\xe5\x8b\x9f\xe6\x96\xb9\xe6\xb3\x95\xe3\x80\x91\n\xe3\x83\x95\xe3\x82\xa9\xe3\x83\xad\xe3\x83\xbc\xe2\x9e\xa1\xef\xb8\x8e\xe3\x83\xaa\xe3\x83\x84\xe3\x82\xa4\xe3\x83\xbc\xe3\x83\x88\xe2\x9e\xa1\xef\xb8\x8e\xe7\xb5\x90\xe6\x9e\x9c\xe7\x99\xba\xe8\xa1\xa8\n\xe2\x80\xbb\xe6\x9c\x9f\xe9\x99\x9012\xe6\x9c\x881\xe6\x97\xa5\n#\xe3\x83\x97\xe3\x83\xac\xe3\x82\xbc\xe3\x83\xb3\xe3\x83\x88\xe4\xbc\x81\xe7\x94\xbb #\xe6\x87\xb8\xe8\xb3\x9e #Apple\n#iPhoneX https:\xe2\x80\xa6' 'RT @Gargeth: Enter This #iPhoneX, Logitech Keyboard/Mouse, and #Overwatch Loot Boxes #Giveaway! https://t.co/GBszYwKwCX' 'Got to play with an #iPhoneX. \nVery intuitive. \nWorked just like my #Galaxy6' 'RT @DashieXP: OMFG I\xe2\x80\x99m cute as FUCK!!\n#iPhoneX #AniMoji https://t.co/UiOBdsaum2' 'RT @baddicandii: Twitter I need 290K retweets on this tweet for brand new #iPhoneX help me please \xf0\x9f\x99\x8f https://t.co/k694Z8KlHW' 'Can verify that @Apple #iPhoneX face recognition works while you are wearing a beauty face mask. #healthybeautyFTW' 'iPhoneX\n#iPhoneX #Apple https://t.co/R9yNJMu2VY'",1
Reply," '5 new #iPhoneX all for the giveaway who\xe2\x80\x99s excited?? To enter Follow on instagram, Snapchat, Twitter and subscriber\xe2\x80\xa6 https://t.co/Q7YTtrbmep' '@KHANZTV Done #KhanZtvFam #iPhoneX' 'Ava\xe2\x80\x99s hair was rockin\xe2\x80\x99 tonight. On a geeky note, not impressed by the forward facing camera on the #iphonex in thi\xe2\x80\xa6\xe2\x80\xa6 https://t.co/DXiQq18SUX' 'RT @NRGgg: #OverwatchSF Epic #iPhoneX #Giveaway\n-Tag Your Friends\n-RT, Like &amp; Follow @OverwatchSF\nClick Here: https://t.co/eqqywj9bF4 https\xe2\x80\xa6' 'RT @winitonline: FOLLOW @PrizeSquad &amp; RETWEET TO #WIN THIS @Apple iPhone X, 256GB. #GIVEAWAY Ends: 24/11/17 #COMPETITION #iPhoneX https://t\xe2\x80\xa6' 'RT @ronnyvlog: #AnimojiKaraoke #iphonex https://t.co/fT9NDwWZlL' 'RT @Present_RT_FR: \xe3\x80\x90iPhoneX \xe7\x99\xba\xe5\xa3\xb2\xe3\x82\xad\xe3\x83\xa3\xe3\x83\xb3\xe3\x83\x9a\xe3\x83\xbc\xe3\x83\xb3\xe2\x9d\x97\xef\xb8\x8f\xe3\x80\x91\n\xe3\x80\x90Apple iPhone X\xe3\x80\x91\n\xe3\x81\x8c1\xe5\x90\x8d\xe6\xa7\x98\xe3\x81\xab\xe6\x8a\xbd\xe9\x81\xb8\xe3\x81\xa7\xe5\xbd\x93\xe3\x81\x9f\xe3\x82\x8b\xef\xbc\x81\n\xe3\x80\x90\xe5\xbf\x9c\xe5\x8b\x9f\xe6\x96\xb9\xe6\xb3\x95\xe3\x80\x91\n\xe3\x83\x95\xe3\x82\xa9\xe3\x83\xad\xe3\x83\xbc\xe2\x9e\xa1\xef\xb8\x8e\xe3\x83\xaa\xe3\x83\x84\xe3\x82\xa4\xe3\x83\xbc\xe3\x83\x88\xe2\x9e\xa1\xef\xb8\x8e\xe7\xb5\x90\xe6\x9e\x9c\xe7\x99\xba\xe8\xa1\xa8\n\xe2\x80\xbb\xe6\x9c\x9f\xe9\x99\x9012\xe6\x9c\x881\xe6\x97\xa5\n#\xe3\x83\x97\xe3\x83\xac\xe3\x82\xbc\xe3\x83\xb3\xe3\x83\x88\xe4\xbc\x81\xe7\x94\xbb #\xe6\x87\xb8\xe8\xb3\x9e #Apple\n#iPhoneX https:\xe2\x80\xa6' 'RT @Gargeth: Enter This #iPhoneX, Logitech Keyboard/Mouse, and #Overwatch Loot Boxes #Giveaway! https://t.co/GBszYwKwCX' 'Got to play with an #iPhoneX. \nVery intuitive. \nWorked just like my #Galaxy6' 'RT @DashieXP: OMFG I\xe2\x80\x99m cute as FUCK!!\n#iPhoneX #AniMoji https://t.co/UiOBdsaum2' 'RT @baddicandii: Twitter I need 290K retweets on this tweet for brand new #iPhoneX help me please \xf0\x9f\x99\x8f https://t.co/k694Z8KlHW' 'Can verify that @Apple #iPhoneX face recognition works while you are wearing a beauty face mask. #healthybeautyFTW' 'iPhoneX\n#iPhoneX #Apple https://t.co/R9yNJMu2VY' 'RT @steppennwolf: Finally unboxing the #iPhoneX after waiting 7 hours in line for the \n make in india special edition. Hats off to Apple ye\xe2\x80\xa6'",1
Reply," '5 new #iPhoneX all for the giveaway who\xe2\x80\x99s excited?? To enter Follow on instagram, Snapchat, Twitter and subscriber\xe2\x80\xa6 https://t.co/Q7YTtrbmep' '@KHANZTV Done #KhanZtvFam #iPhoneX' 'Ava\xe2\x80\x99s hair was rockin\xe2\x80\x99 tonight. On a geeky note, not impressed by the forward facing camera on the #iphonex in thi\xe2\x80\xa6\xe2\x80\xa6 https://t.co/DXiQq18SUX' 'RT @NRGgg: #OverwatchSF Epic #iPhoneX #Giveaway\n-Tag Your Friends\n-RT, Like &amp; Follow @OverwatchSF\nClick Here: https://t.co/eqqywj9bF4 https\xe2\x80\xa6' 'RT @winitonline: FOLLOW @PrizeSquad &amp; RETWEET TO #WIN THIS @Apple iPhone X, 256GB. #GIVEAWAY Ends: 24/11/17 #COMPETITION #iPhoneX https://t\xe2\x80\xa6' 'RT @ronnyvlog: #AnimojiKaraoke #iphonex https://t.co/fT9NDwWZlL' 'RT @Present_RT_FR: \xe3\x80\x90iPhoneX \xe7\x99\xba\xe5\xa3\xb2\xe3\x82\xad\xe3\x83\xa3\xe3\x83\xb3\xe3\x83\x9a\xe3\x83\xbc\xe3\x83\xb3\xe2\x9d\x97\xef\xb8\x8f\xe3\x80\x91\n\xe3\x80\x90Apple iPhone X\xe3\x80\x91\n\xe3\x81\x8c1\xe5\x90\x8d\xe6\xa7\x98\xe3\x81\xab\xe6\x8a\xbd\xe9\x81\xb8\xe3\x81\xa7\xe5\xbd\x93\xe3\x81\x9f\xe3\x82\x8b\xef\xbc\x81\n\xe3\x80\x90\xe5\xbf\x9c\xe5\x8b\x9f\xe6\x96\xb9\xe6\xb3\x95\xe3\x80\x91\n\xe3\x83\x95\xe3\x82\xa9\xe3\x83\xad\xe3\x83\xbc\xe2\x9e\xa1\xef\xb8\x8e\xe3\x83\xaa\xe3\x83\x84\xe3\x82\xa4\xe3\x83\xbc\xe3\x83\x88\xe2\x9e\xa1\xef\xb8\x8e\xe7\xb5\x90\xe6\x9e\x9c\xe7\x99\xba\xe8\xa1\xa8\n\xe2\x80\xbb\xe6\x9c\x9f\xe9\x99\x9012\xe6\x9c\x881\xe6\x97\xa5\n#\xe3\x83\x97\xe3\x83\xac\xe3\x82\xbc\xe3\x83\xb3\xe3\x83\x88\xe4\xbc\x81\xe7\x94\xbb #\xe6\x87\xb8\xe8\xb3\x9e #Apple\n#iPhoneX https:\xe2\x80\xa6' 'RT @Gargeth: Enter This #iPhoneX, Logitech Keyboard/Mouse, and #Overwatch Loot Boxes #Giveaway! https://t.co/GBszYwKwCX' 'Got to play with an #iPhoneX. \nVery intuitive. \nWorked just like my #Galaxy6' 'RT @DashieXP: OMFG I\xe2\x80\x99m cute as FUCK!!\n#iPhoneX #AniMoji https://t.co/UiOBdsaum2' 'RT @baddicandii: Twitter I need 290K retweets on this tweet for brand new #iPhoneX help me please \xf0\x9f\x99\x8f https://t.co/k694Z8KlHW' 'Can verify that @Apple #iPhoneX face recognition works while you are wearing a beauty face mask. #healthybeautyFTW' 'iPhoneX\n#iPhoneX #Apple https://t.co/R9yNJMu2VY' 'RT @steppennwolf: Finally unboxing the #iPhoneX after waiting 7 hours in line for the \n make in india special edition. Hats off to Apple ye\xe2\x80\xa6' ""I love portrait mode on the iPhone but I don't understand why it's not on video as well. Surely the dual OIS camera\xe2\x80\xa6 https://t.co/QrMTJFaZ5g""",1
Reply," '5 new #iPhoneX all for the giveaway who\xe2\x80\x99s excited?? To enter Follow on instagram, Snapchat, Twitter and subscriber\xe2\x80\xa6 https://t.co/Q7YTtrbmep' '@KHANZTV Done #KhanZtvFam #iPhoneX' 'Ava\xe2\x80\x99s hair was rockin\xe2\x80\x99 tonight. On a geeky note, not impressed by the forward facing camera on the #iphonex in thi\xe2\x80\xa6\xe2\x80\xa6 https://t.co/DXiQq18SUX' 'RT @NRGgg: #OverwatchSF Epic #iPhoneX #Giveaway\n-Tag Your Friends\n-RT, Like &amp; Follow @OverwatchSF\nClick Here: https://t.co/eqqywj9bF4 https\xe2\x80\xa6' 'RT @winitonline: FOLLOW @PrizeSquad &amp; RETWEET TO #WIN THIS @Apple iPhone X, 256GB. #GIVEAWAY Ends: 24/11/17 #COMPETITION #iPhoneX https://t\xe2\x80\xa6' 'RT @ronnyvlog: #AnimojiKaraoke #iphonex https://t.co/fT9NDwWZlL' 'RT @Present_RT_FR: \xe3\x80\x90iPhoneX \xe7\x99\xba\xe5\xa3\xb2\xe3\x82\xad\xe3\x83\xa3\xe3\x83\xb3\xe3\x83\x9a\xe3\x83\xbc\xe3\x83\xb3\xe2\x9d\x97\xef\xb8\x8f\xe3\x80\x91\n\xe3\x80\x90Apple iPhone X\xe3\x80\x91\n\xe3\x81\x8c1\xe5\x90\x8d\xe6\xa7\x98\xe3\x81\xab\xe6\x8a\xbd\xe9\x81\xb8\xe3\x81\xa7\xe5\xbd\x93\xe3\x81\x9f\xe3\x82\x8b\xef\xbc\x81\n\xe3\x80\x90\xe5\xbf\x9c\xe5\x8b\x9f\xe6\x96\xb9\xe6\xb3\x95\xe3\x80\x91\n\xe3\x83\x95\xe3\x82\xa9\xe3\x83\xad\xe3\x83\xbc\xe2\x9e\xa1\xef\xb8\x8e\xe3\x83\xaa\xe3\x83\x84\xe3\x82\xa4\xe3\x83\xbc\xe3\x83\x88\xe2\x9e\xa1\xef\xb8\x8e\xe7\xb5\x90\xe6\x9e\x9c\xe7\x99\xba\xe8\xa1\xa8\n\xe2\x80\xbb\xe6\x9c\x9f\xe9\x99\x9012\xe6\x9c\x881\xe6\x97\xa5\n#\xe3\x83\x97\xe3\x83\xac\xe3\x82\xbc\xe3\x83\xb3\xe3\x83\x88\xe4\xbc\x81\xe7\x94\xbb #\xe6\x87\xb8\xe8\xb3\x9e #Apple\n#iPhoneX https:\xe2\x80\xa6' 'RT @Gargeth: Enter This #iPhoneX, Logitech Keyboard/Mouse, and #Overwatch Loot Boxes #Giveaway! https://t.co/GBszYwKwCX' 'Got to play with an #iPhoneX. \nVery intuitive. \nWorked just like my #Galaxy6' 'RT @DashieXP: OMFG I\xe2\x80\x99m cute as FUCK!!\n#iPhoneX #AniMoji https://t.co/UiOBdsaum2' 'RT @baddicandii: Twitter I need 290K retweets on this tweet for brand new #iPhoneX help me please \xf0\x9f\x99\x8f https://t.co/k694Z8KlHW' 'Can verify that @Apple #iPhoneX face recognition works while you are wearing a beauty face mask. #healthybeautyFTW' 'iPhoneX\n#iPhoneX #Apple https://t.co/R9yNJMu2VY' 'RT @steppennwolf: Finally unboxing the #iPhoneX after waiting 7 hours in line for the \n make in india special edition. Hats off to Apple ye\xe2\x80\xa6' ""I love portrait mode on the iPhone but I don't understand why it's not on video as well. Surely the dual OIS camera\xe2\x80\xa6 https://t.co/QrMTJFaZ5g"" 'RT @baddicandii: Twitter I need 290K retweets on this tweet for brand new #iPhoneX help me please \xf0\x9f\x99\x8f https://t.co/k694Z8KlHW'",1
Reply," '5 new #iPhoneX all for the giveaway who\xe2\x80\x99s excited?? To enter Follow on instagram, Snapchat, Twitter and subscriber\xe2\x80\xa6 https://t.co/Q7YTtrbmep' '@KHANZTV Done #KhanZtvFam #iPhoneX' 'Ava\xe2\x80\x99s hair was rockin\xe2\x80\x99 tonight. On a geeky note, not impressed by the forward facing camera on the #iphonex in thi\xe2\x80\xa6\xe2\x80\xa6 https://t.co/DXiQq18SUX' 'RT @NRGgg: #OverwatchSF Epic #iPhoneX #Giveaway\n-Tag Your Friends\n-RT, Like &amp; Follow @OverwatchSF\nClick Here: https://t.co/eqqywj9bF4 https\xe2\x80\xa6' 'RT @winitonline: FOLLOW @PrizeSquad &amp; RETWEET TO #WIN THIS @Apple iPhone X, 256GB. #GIVEAWAY Ends: 24/11/17 #COMPETITION #iPhoneX https://t\xe2\x80\xa6' 'RT @ronnyvlog: #AnimojiKaraoke #iphonex https://t.co/fT9NDwWZlL' 'RT @Present_RT_FR: \xe3\x80\x90iPhoneX \xe7\x99\xba\xe5\xa3\xb2\xe3\x82\xad\xe3\x83\xa3\xe3\x83\xb3\xe3\x83\x9a\xe3\x83\xbc\xe3\x83\xb3\xe2\x9d\x97\xef\xb8\x8f\xe3\x80\x91\n\xe3\x80\x90Apple iPhone X\xe3\x80\x91\n\xe3\x81\x8c1\xe5\x90\x8d\xe6\xa7\x98\xe3\x81\xab\xe6\x8a\xbd\xe9\x81\xb8\xe3\x81\xa7\xe5\xbd\x93\xe3\x81\x9f\xe3\x82\x8b\xef\xbc\x81\n\xe3\x80\x90\xe5\xbf\x9c\xe5\x8b\x9f\xe6\x96\xb9\xe6\xb3\x95\xe3\x80\x91\n\xe3\x83\x95\xe3\x82\xa9\xe3\x83\xad\xe3\x83\xbc\xe2\x9e\xa1\xef\xb8\x8e\xe3\x83\xaa\xe3\x83\x84\xe3\x82\xa4\xe3\x83\xbc\xe3\x83\x88\xe2\x9e\xa1\xef\xb8\x8e\xe7\xb5\x90\xe6\x9e\x9c\xe7\x99\xba\xe8\xa1\xa8\n\xe2\x80\xbb\xe6\x9c\x9f\xe9\x99\x9012\xe6\x9c\x881\xe6\x97\xa5\n#\xe3\x83\x97\xe3\x83\xac\xe3\x82\xbc\xe3\x83\xb3\xe3\x83\x88\xe4\xbc\x81\xe7\x94\xbb #\xe6\x87\xb8\xe8\xb3\x9e #Apple\n#iPhoneX https:\xe2\x80\xa6' 'RT @Gargeth: Enter This #iPhoneX, Logitech Keyboard/Mouse, and #Overwatch Loot Boxes #Giveaway! https://t.co/GBszYwKwCX' 'Got to play with an #iPhoneX. \nVery intuitive. \nWorked just like my #Galaxy6' 'RT @DashieXP: OMFG I\xe2\x80\x99m cute as FUCK!!\n#iPhoneX #AniMoji https://t.co/UiOBdsaum2' 'RT @baddicandii: Twitter I need 290K retweets on this tweet for brand new #iPhoneX help me please \xf0\x9f\x99\x8f https://t.co/k694Z8KlHW' 'Can verify that @Apple #iPhoneX face recognition works while you are wearing a beauty face mask. #healthybeautyFTW' 'iPhoneX\n#iPhoneX #Apple https://t.co/R9yNJMu2VY' 'RT @steppennwolf: Finally unboxing the #iPhoneX after waiting 7 hours in line for the \n make in india special edition. Hats off to Apple ye\xe2\x80\xa6' ""I love portrait mode on the iPhone but I don't understand why it's not on video as well. Surely the dual OIS camera\xe2\x80\xa6 https://t.co/QrMTJFaZ5g"" 'RT @baddicandii: Twitter I need 290K retweets on this tweet for brand new #iPhoneX help me please \xf0\x9f\x99\x8f https://t.co/k694Z8KlHW' 'iPhone X\xe3\x81\x8c \xe3\x82\x84\xe3\x81\xa3\xe3\x81\xa8\xe6\xa9\x9f\xe7\xa8\xae\xe5\xa4\x89\xe6\x9b\xb4\xe5\x89\x8d\xe3\x81\xae\xe7\x8a\xb6\xe6\x85\x8b\xe3\x81\xab\xe6\x88\xbb\xe3\x82\x8a\xe3\x81\xa4\xe3\x81\xa4\xe3\x81\x82\xe3\x82\x8b\xe3\x80\x82\xe3\x81\xa7\xe3\x82\x82\xe3\x81\x97\xe3\x81\x8b\xe3\x81\x97\xe3\x83\xa6\xe3\x83\xbc\xe3\x82\xb6\xe3\x83\xbc\xe8\xbe\x9e\xe6\x9b\xb8\xe3\x81\x8c\xe4\xbd\xbf\xe3\x81\x88\xe3\x81\xaa\xe3\x81\x84\xe3\x81\xae\xe3\x81\xaf\xe3\x80\x81\xe3\x81\x8b\xe3\x81\xaa\xe3\x82\x8a\xe4\xb8\x8d\xe4\xbe\xbf\xe3\x80\x82\xe3\x83\x8d\xe3\x83\x83\xe3\x83\x88\xe3\x81\xa7\xe6\xa4\x9c\xe7\xb4\xa2\xe3\x81\x97\xe3\x81\x9f\xe3\x82\x89 \xe3\x82\x84\xe3\x81\xaf\xe3\x82\x8a\xe6\xa9\x9f\xe7\xa8\xae\xe5\xa4\x89\xe6\x9b\xb4\xe5\xbe\x8c\xe3\x81\xae\xe5\xbe\xa9\xe5\x85\x83\xe3\x82\x84\xe3\x82\xa2\xe3\x83\x83\xe3\x83\x97\xe3\x83\x87\xe3\x83\xbc\xe3\x83\x88\xe5\xbe\x8c\xe3\x81\xab\xe3\x83\xa6\xe3\x83\xbc\xe3\x82\xb6\xe3\x83\xbc\xe8\xbe\x9e\xe6\x9b\xb8\xe3\x81\xae\xe3\x83\x88\xe3\x83\xa9\xe3\x83\x96\xe3\x83\xab\xe3\x81\xaf\xe9\xa0\xbb\xe7\x99\xba\xe3\x81\x97\xe3\x81\xa6\xe3\x82\x8b\xe3\x81\xbf\xe3\x81\x9f\xe3\x81\x84\xe3\x80\x82\xe3\x81\xa8\xe3\x81\xab\xe3\x81\x8b\xe3\x81\x8f\xe6\x97\xa9\xe3\x81\x8f\xe3\x80\x81\xe3\x83\xa6\xe3\x83\xbc\xe3\x82\xb6\xe2\x80\xa6 https://t.co/JX6im1mXKs'",1
Tweet, 'To win #iphoneX &gt;&gt;Follow me on\nMy Instagram: https://t.co/7aJAzzqzkq\nSNAPCHAT: https://t.co/XBc00aiXzR \nYOUTUBE: https://t.co/bjzdQKowEn\n#RT',1
Reply, 'To win #iphoneX &gt;&gt;Follow me on\nMy Instagram: https://t.co/7aJAzzqzkq\nSNAPCHAT: https://t.co/XBc00aiXzR \nYOUTUBE: https://t.co/bjzdQKowEn\n#RT' '@KHANZTV Liked on all platforms.\nRetweeted. \nPosted a selfie \n#KhanZtvFam #iPhoneX https://t.co/UXjzsrM61W',1
Reply," 'To win #iphoneX &gt;&gt;Follow me on\nMy Instagram: https://t.co/7aJAzzqzkq\nSNAPCHAT: https://t.co/XBc00aiXzR \nYOUTUBE: https://t.co/bjzdQKowEn\n#RT' '@KHANZTV Liked on all platforms.\nRetweeted. \nPosted a selfie \n#KhanZtvFam #iPhoneX https://t.co/UXjzsrM61W' 'Ava\xe2\x80\x99s hair was rockin\xe2\x80\x99 tonight. On a geeky note, not impressed by the forward facing camera on the #iphonex in thi\xe2\x80\xa6\xe2\x80\xa6 https://t.co/DXiQq18SUX'",1
Reply," 'To win #iphoneX &gt;&gt;Follow me on\nMy Instagram: https://t.co/7aJAzzqzkq\nSNAPCHAT: https://t.co/XBc00aiXzR \nYOUTUBE: https://t.co/bjzdQKowEn\n#RT' '@KHANZTV Liked on all platforms.\nRetweeted. \nPosted a selfie \n#KhanZtvFam #iPhoneX https://t.co/UXjzsrM61W' 'Ava\xe2\x80\x99s hair was rockin\xe2\x80\x99 tonight. On a geeky note, not impressed by the forward facing camera on the #iphonex in thi\xe2\x80\xa6\xe2\x80\xa6 https://t.co/DXiQq18SUX' 'RT @NRGgg: #OverwatchSF Epic #iPhoneX #Giveaway\n-Tag Your Friends\n-RT, Like &amp; Follow @OverwatchSF\nClick Here: https://t.co/eqqywj9bF4 https\xe2\x80\xa6'",1
Reply," 'To win #iphoneX &gt;&gt;Follow me on\nMy Instagram: https://t.co/7aJAzzqzkq\nSNAPCHAT: https://t.co/XBc00aiXzR \nYOUTUBE: https://t.co/bjzdQKowEn\n#RT' '@KHANZTV Liked on all platforms.\nRetweeted. \nPosted a selfie \n#KhanZtvFam #iPhoneX https://t.co/UXjzsrM61W' 'Ava\xe2\x80\x99s hair was rockin\xe2\x80\x99 tonight. On a geeky note, not impressed by the forward facing camera on the #iphonex in thi\xe2\x80\xa6\xe2\x80\xa6 https://t.co/DXiQq18SUX' 'RT @NRGgg: #OverwatchSF Epic #iPhoneX #Giveaway\n-Tag Your Friends\n-RT, Like &amp; Follow @OverwatchSF\nClick Here: https://t.co/eqqywj9bF4 https\xe2\x80\xa6' 'RT @winitonline: FOLLOW @PrizeSquad &amp; RETWEET TO #WIN THIS @Apple iPhone X, 256GB. #GIVEAWAY Ends: 24/11/17 #COMPETITION #iPhoneX https://t\xe2\x80\xa6'",1
Reply," 'To win #iphoneX &gt;&gt;Follow me on\nMy Instagram: https://t.co/7aJAzzqzkq\nSNAPCHAT: https://t.co/XBc00aiXzR \nYOUTUBE: https://t.co/bjzdQKowEn\n#RT' '@KHANZTV Liked on all platforms.\nRetweeted. \nPosted a selfie \n#KhanZtvFam #iPhoneX https://t.co/UXjzsrM61W' 'Ava\xe2\x80\x99s hair was rockin\xe2\x80\x99 tonight. On a geeky note, not impressed by the forward facing camera on the #iphonex in thi\xe2\x80\xa6\xe2\x80\xa6 https://t.co/DXiQq18SUX' 'RT @NRGgg: #OverwatchSF Epic #iPhoneX #Giveaway\n-Tag Your Friends\n-RT, Like &amp; Follow @OverwatchSF\nClick Here: https://t.co/eqqywj9bF4 https\xe2\x80\xa6' 'RT @winitonline: FOLLOW @PrizeSquad &amp; RETWEET TO #WIN THIS @Apple iPhone X, 256GB. #GIVEAWAY Ends: 24/11/17 #COMPETITION #iPhoneX https://t\xe2\x80\xa6' 'RT @ronnyvlog: #AnimojiKaraoke #iphonex https://t.co/fT9NDwWZlL'",1
Reply," 'To win #iphoneX &gt;&gt;Follow me on\nMy Instagram: https://t.co/7aJAzzqzkq\nSNAPCHAT: https://t.co/XBc00aiXzR \nYOUTUBE: https://t.co/bjzdQKowEn\n#RT' '@KHANZTV Liked on all platforms.\nRetweeted. \nPosted a selfie \n#KhanZtvFam #iPhoneX https://t.co/UXjzsrM61W' 'Ava\xe2\x80\x99s hair was rockin\xe2\x80\x99 tonight. On a geeky note, not impressed by the forward facing camera on the #iphonex in thi\xe2\x80\xa6\xe2\x80\xa6 https://t.co/DXiQq18SUX' 'RT @NRGgg: #OverwatchSF Epic #iPhoneX #Giveaway\n-Tag Your Friends\n-RT, Like &amp; Follow @OverwatchSF\nClick Here: https://t.co/eqqywj9bF4 https\xe2\x80\xa6' 'RT @winitonline: FOLLOW @PrizeSquad &amp; RETWEET TO #WIN THIS @Apple iPhone X, 256GB. #GIVEAWAY Ends: 24/11/17 #COMPETITION #iPhoneX https://t\xe2\x80\xa6' 'RT @ronnyvlog: #AnimojiKaraoke #iphonex https://t.co/fT9NDwWZlL' 'RT @Present_RT_FR: \xe3\x80\x90iPhoneX \xe7\x99\xba\xe5\xa3\xb2\xe3\x82\xad\xe3\x83\xa3\xe3\x83\xb3\xe3\x83\x9a\xe3\x83\xbc\xe3\x83\xb3\xe2\x9d\x97\xef\xb8\x8f\xe3\x80\x91\n\xe3\x80\x90Apple iPhone X\xe3\x80\x91\n\xe3\x81\x8c1\xe5\x90\x8d\xe6\xa7\x98\xe3\x81\xab\xe6\x8a\xbd\xe9\x81\xb8\xe3\x81\xa7\xe5\xbd\x93\xe3\x81\x9f\xe3\x82\x8b\xef\xbc\x81\n\xe3\x80\x90\xe5\xbf\x9c\xe5\x8b\x9f\xe6\x96\xb9\xe6\xb3\x95\xe3\x80\x91\n\xe3\x83\x95\xe3\x82\xa9\xe3\x83\xad\xe3\x83\xbc\xe2\x9e\xa1\xef\xb8\x8e\xe3\x83\xaa\xe3\x83\x84\xe3\x82\xa4\xe3\x83\xbc\xe3\x83\x88\xe2\x9e\xa1\xef\xb8\x8e\xe7\xb5\x90\xe6\x9e\x9c\xe7\x99\xba\xe8\xa1\xa8\n\xe2\x80\xbb\xe6\x9c\x9f\xe9\x99\x9012\xe6\x9c\x881\xe6\x97\xa5\n#\xe3\x83\x97\xe3\x83\xac\xe3\x82\xbc\xe3\x83\xb3\xe3\x83\x88\xe4\xbc\x81\xe7\x94\xbb #\xe6\x87\xb8\xe8\xb3\x9e #Apple\n#iPhoneX https:\xe2\x80\xa6'",1
Tweet, 'https://t.co/3M6eNVrPJp iPhone X vs. Professional Studio Lighting!',1
Reply, 'https://t.co/3M6eNVrPJp iPhone X vs. Professional Studio Lighting!' '@fgfoto Niente male #iPhoneX no?',1
Tweet," ""@realist_tg Thanks for reaching out.  Let us know if this helps with the issue you're seeing:\xe2\x80\xa6 https://t.co/Kw7oEllETX""",1
Reply," ""@realist_tg Thanks for reaching out.  Let us know if this helps with the issue you're seeing:\xe2\x80\xa6 https://t.co/Kw7oEllETX"" '@AppleSupport Thanks for responding, but I know how to turn it off and how to disable it. But since iOS11 it pops o\xe2\x80\xa6 https://t.co/siffP1Rm5r'",1
Tweet, 'Say hello to the future. iPhone X available now.',1
Reply," 'Say hello to the future. iPhone X available now.' '@Apple Width of #iPhoneX is sad, if you are using iPhone 7plus or 8plus you will find the major difference !!'",-1
Reply," 'Say hello to the future. iPhone X available now.' '@Apple Width of #iPhoneX is sad, if you are using iPhone 7plus or 8plus you will find the major difference !!' 'Ava\xe2\x80\x99s hair was rockin\xe2\x80\x99 tonight. On a geeky note, not impressed by the forward facing camera on the #iphonex in thi\xe2\x80\xa6\xe2\x80\xa6 https://t.co/DXiQq18SUX'",1
Tweet, 'The iPhone X might have a little green problem https://t.co/CKk1ZlbLNb Me: FWIW I\xe2\x80\x99ve never seen anything like this on my iPhone X',-1
Reply, 'The iPhone X might have a little green problem https://t.co/CKk1ZlbLNb Me: FWIW I\xe2\x80\x99ve never seen anything like this on my iPhone X' '@LanceUlanoff Mine doesn\xe2\x80\x99t have it... phew \xf0\x9f\x98\x85 #iPhoneX',1
Tweet, 'Animoji on iPhone X so much fun. My parents were amused and all smile when received one from me :))',1
Reply," 'Animoji on iPhone X so much fun. My parents were amused and all smile when received one from me :))' 'Btw, was never fan of the home button, so quite like using #iPhoneX without it'",1
Tweet, 'Ayaan was the winner of #IphoneX on insta live chat yesterday. \nhowever he has not replied within 12 hrs \nsaid that\xe2\x80\xa6 https://t.co/ICZcCYGRlM',1
Reply," 'Ayaan was the winner of #IphoneX on insta live chat yesterday. \nhowever he has not replied within 12 hrs \nsaid that\xe2\x80\xa6 https://t.co/ICZcCYGRlM' '@KHANZTV Do i have a chance to win? A reply would be appreciated, Ready to bear all custom realted charges\xf0\x9f\x99\x88 Wish to\xe2\x80\xa6 https://t.co/hazAARRf0A'",1
Tweet," ""The World's Most Powerful iPhone X Customizer \nhttps://t.co/of0rbb8FNe https://t.co/dxtfpZqxsR""",1
Reply," ""The World's Most Powerful iPhone X Customizer \nhttps://t.co/of0rbb8FNe https://t.co/dxtfpZqxsR"" '@SlickWraps Ordered mine with my logo on it! Can\xe2\x80\x99t wait to get it! \xf0\x9f\x98\x8d#iPhoneX #Slickwraps https://t.co/a5jhHMt8AJ'",1
Tweet," 'Happy #VeteransDay to the brave men and women who have served in our armed forces, and all those who have supported\xe2\x80\xa6 https://t.co/1PSVe7XlR8'",1
Reply," 'Happy #VeteransDay to the brave men and women who have served in our armed forces, and all those who have supported\xe2\x80\xa6 https://t.co/1PSVe7XlR8' '@tim_cook Give them a free #iPhoneX ?'",1
Tweet, 'I\xe2\x80\x99m on that #peachymerch lifestyle.  @saradietschy https://t.co/h1XuloxUeA',1
Reply, 'I\xe2\x80\x99m on that #peachymerch lifestyle.  @saradietschy https://t.co/h1XuloxUeA' '@saradietschy Also on that #iPhoneX front facing portrait mode lifestyle \xf0\x9f\x98\x82',1
Tweet," '#iPhoneX one week later: noticeably better battery, FaceID just works and gets better as it continues to learn your\xe2\x80\xa6 https://t.co/V7oFZCvp0i'",1
Reply," '#iPhoneX one week later: noticeably better battery, FaceID just works and gets better as it continues to learn your\xe2\x80\xa6 https://t.co/V7oFZCvp0i' '@sims Lovely! Loving mine as well. #iphonex'",1
Tweet, 'Loving #iPhoneX more than ever imagine I would. #FaceID bring ultimate security with no physical action on my part.\xe2\x80\xa6 https://t.co/ihfvzySVtO',1
Reply, 'Loving #iPhoneX more than ever imagine I would. #FaceID bring ultimate security with no physical action on my part.\xe2\x80\xa6 https://t.co/ihfvzySVtO' 'Here\xe2\x80\x99s to you #Apple #iphoneX https://t.co/VFhoEL2jCv',1
Tweet, 'Incre\xc3\xadblemente buena la expo de Sorolla en el Museo Bancaja de #Valencia. He disfrutado como cuando era un nano e i\xe2\x80\xa6 https://t.co/rn5a2wMPz8',1
Reply, 'Incre\xc3\xadblemente buena la expo de Sorolla en el Museo Bancaja de #Valencia. He disfrutado como cuando era un nano e i\xe2\x80\xa6 https://t.co/rn5a2wMPz8' 'Aunque yo he optado por ir con mi padre a ver smartphones. #galaxys8 #galaxys8plus y #iphoneX para no perder el rit\xe2\x80\xa6 https://t.co/qhagucd4Fl',1
Tweet," '""A collection of beautifully crafted wallpapers designed to hide the notch on the Apple iPhone X.""\xe2\x80\xa6 https://t.co/muEKfOzNAW'",-1
Reply," '""A collection of beautifully crafted wallpapers designed to hide the notch on the Apple iPhone X.""\xe2\x80\xa6 https://t.co/muEKfOzNAW' '@Real_CSS_Tricks We have a new app that will let you create wallpapers that hide the notch.  Check it out\xe2\x80\xa6 https://t.co/TCnzYb25J2'",-1
Tweet, 'Our biggest video ever: is the iPhone X worth it? (in HDR!) https://t.co/qpHdZdscAq https://t.co/aGSStfDS5H',1
Reply, 'Our biggest video ever: is the iPhone X worth it? (in HDR!) https://t.co/qpHdZdscAq https://t.co/aGSStfDS5H' '@austinnotduncan In a world of Android naysayers we finally have a reviewer who gives the #iPhoneX the proper revie\xe2\x80\xa6 https://t.co/U44ArqC0wI',1
Tweet," 'Prvn\xc3\xad minus #iPhoneX je men\xc5\xa1\xc3\xad ant\xc3\xa9na. Tak\xc5\xbee d\xc3\xadky @O2_CZ jsem bez sign\xc3\xa1lu. @Vodafone_CZ tu m\xc3\xa1 LTE, O2 ani \xc4\x8d\xc3\xa1rka \xf0\x9f\x98\xac Zkr\xc3\xa1tka chytr\xc3\xa1 s\xc3\xad\xc5\xa5.'",1
Reply," 'Prvn\xc3\xad minus #iPhoneX je men\xc5\xa1\xc3\xad ant\xc3\xa9na. Tak\xc5\xbee d\xc3\xadky @O2_CZ jsem bez sign\xc3\xa1lu. @Vodafone_CZ tu m\xc3\xa1 LTE, O2 ani \xc4\x8d\xc3\xa1rka \xf0\x9f\x98\xac Zkr\xc3\xa1tka chytr\xc3\xa1 s\xc3\xad\xc5\xa5.' '@mailo_vita @O2_CZ @Vodafone_CZ Na jak\xc3\xa9 chytr\xc3\xa9 adrese se s #iPhoneX sna\xc5\xbe\xc3\xadte p\xc5\x99ipojit? Mrknu na pokryt\xc3\xad, jestli tam\xe2\x80\xa6 https://t.co/brkQ5AAgK '",1
Tweet, 'Do you guys enjoy watching people unboxing stuff on YouTube? Personally I\xe2\x80\x99m actually a little bit obsessed by I\xef\xb8\x8ft...',1
Reply," 'Do you guys enjoy watching people unboxing stuff on YouTube? Personally I\xe2\x80\x99m actually a little bit obsessed by I\xef\xb8\x8ft...' ""@christinartnd Yes I do enjoy them, but if it's a #iPhoneX or the #XboxOneX or anything related to #Apple NO becaus\xe2\x80\xa6 https://t.co/W5bZPJQ9hW""",1
Tweet, 'The future \xf0\x9f\x98\xb3 https://t.co/OW0hoeqrFF',1
Reply," 'The future \xf0\x9f\x98\xb3 https://t.co/OW0hoeqrFF' '@nico_rosberg Good choice, Nico!\xf0\x9f\x91\x8d\xf0\x9f\x8f\xbb #iPhoneX'",1
Tweet," 'I spend all day, every day worrying about other people and helping other people achieve their goals... now I wanted\xe2\x80\xa6 https://t.co/u36wPStnJK'",1
Reply," 'I spend all day, every day worrying about other people and helping other people achieve their goals... now I wanted\xe2\x80\xa6 https://t.co/u36wPStnJK' '@TeamEmmmmsie I am sure you will like the #iPhoneX Weclome to the club...LOL!'",1
Tweet," 'Che non mi abbia convinto, anzi! Le gesture di cui molti (rosiconi) si lamentano trovo siano stupende fluide e funz\xe2\x80\xa6 https://t.co/FIHvLY8AQo'",1
Reply," 'Che non mi abbia convinto, anzi! Le gesture di cui molti (rosiconi) si lamentano trovo siano stupende fluide e funz\xe2\x80\xa6 https://t.co/FIHvLY8AQo' '@R1ccarrrd0 Non \xc3\xa8 tutta questa tragedia sto #iPhoneX come vogliono far credere'",1
Tweet, 'Day 2 #iPhoneX https://t.co/R57vDkLBq7',1
Reply, 'Day 2 #iPhoneX https://t.co/R57vDkLBq7' 'Day 3 #iPhoneX https://t.co/nXtk20VTp3',1
Tweet, 'Some shots from today\xe2\x80\x99s video https://t.co/izImGn6b39 https://t.co/tnKfXPKb5J',1
Reply, 'Some shots from today\xe2\x80\x99s video https://t.co/izImGn6b39 https://t.co/tnKfXPKb5J' '@tldtoday Waiting for #iPhoneX on @moment lens...',1
Tweet, 'Portrait selfies on iPhone X:\n\nColor accuracy: Great\nDynamic range: Great\nSharpness: Great\nNoise levels: Great\nEdge\xe2\x80\xa6 https://t.co/eDhStU1RRG',1
Reply, 'Portrait selfies on iPhone X:\n\nColor accuracy: Great\nDynamic range: Great\nSharpness: Great\nNoise levels: Great\nEdge\xe2\x80\xa6 https://t.co/eDhStU1RRG' '@MKBHD Here is a shot I just took now with Pixel 2 XL rear facing cam in portrait mode. It was able to handle this\xe2\x80\xa6 https://t.co/yorVVgA8XA',1
Reply," 'Portrait selfies on iPhone X:\n\nColor accuracy: Great\nDynamic range: Great\nSharpness: Great\nNoise levels: Great\nEdge\xe2\x80\xa6 https://t.co/eDhStU1RRG' '@MKBHD Here is a shot I just took now with Pixel 2 XL rear facing cam in portrait mode. It was able to handle this\xe2\x80\xa6 https://t.co/yorVVgA8XA' 'Ava\xe2\x80\x99s hair was rockin\xe2\x80\x99 tonight. On a geeky note, not impressed by the forward facing camera on the #iphonex in thi\xe2\x80\xa6\xe2\x80\xa6 https://t.co/DXiQq18SUX'",1
Reply," 'Portrait selfies on iPhone X:\n\nColor accuracy: Great\nDynamic range: Great\nSharpness: Great\nNoise levels: Great\nEdge\xe2\x80\xa6 https://t.co/eDhStU1RRG' '@MKBHD Here is a shot I just took now with Pixel 2 XL rear facing cam in portrait mode. It was able to handle this\xe2\x80\xa6 https://t.co/yorVVgA8XA' 'Ava\xe2\x80\x99s hair was rockin\xe2\x80\x99 tonight. On a geeky note, not impressed by the forward facing camera on the #iphonex in thi\xe2\x80\xa6\xe2\x80\xa6 https://t.co/DXiQq18SUX' 'RT @NRGgg: #OverwatchSF Epic #iPhoneX #Giveaway\n-Tag Your Friends\n-RT, Like &amp; Follow @OverwatchSF\nClick Here: https://t.co/eqqywj9bF4 https\xe2\x80\xa6'",1
Tweet, 'Muss ich den Portraitmodus irgendwie manuell einstellen? Der fehlt bei meinem Iphone. @AppleSupport',1
Reply, 'Muss ich den Portraitmodus irgendwie manuell einstellen? Der fehlt bei meinem Iphone. @AppleSupport' '@matsloser @AppleSupport m\xc3\xbcsste gleich da sein wenn du die camera aufmachst! #iphonex https://t.co/OpKinXj3xg',1
Tweet, '#BTS w/ @cutelunastar from her upcoming #VR scene! Stay tuned! #BaDoinkVR #VRPORN #XXX #porn #sex #hot #nude #naked\xe2\x80\xa6 https://t.co/iSvLI6yzAO',1
Reply, '#BTS w/ @cutelunastar from her upcoming #VR scene! Stay tuned! #BaDoinkVR #VRPORN #XXX #porn #sex #hot #nude #naked\xe2\x80\xa6 https://t.co/iSvLI6yzAO' '@badoinkofficial @cutelunastar My new wallpaper for homescreen on my #iPhoneX',1
Tweet, 'Hello Dosto @IndiGo6E se Delhi aa raha hu...Koi khatra toh nahi hai na...\xf0\x9f\x98\x89 https://t.co/9BRqmlODnf',1
Reply, 'Hello Dosto @IndiGo6E se Delhi aa raha hu...Koi khatra toh nahi hai na...\xf0\x9f\x98\x89 https://t.co/9BRqmlODnf' '@TechnicalGuruji @IndiGo6E Sir #iPhoneX ka giveaway announce kab kar rahe ho',1
Reply," 'Hello Dosto @IndiGo6E se Delhi aa raha hu...Koi khatra toh nahi hai na...\xf0\x9f\x98\x89 https://t.co/9BRqmlODnf' '@TechnicalGuruji @IndiGo6E Sir #iPhoneX ka giveaway announce kab kar rahe ho' 'Ava\xe2\x80\x99s hair was rockin\xe2\x80\x99 tonight. On a geeky note, not impressed by the forward facing camera on the #iphonex in thi\xe2\x80\xa6\xe2\x80\xa6 https://t.co/DXiQq18SUX'",1
Tweet," ""The iPhone X review is live!!!\n\nIt's visually the best video we've ever made, and I want to say it's probably the m\xe2\x80\xa6 https://t.co/hHFLAjxE7J""",1
Reply," ""The iPhone X review is live!!!\n\nIt's visually the best video we've ever made, and I want to say it's probably the m\xe2\x80\xa6 https://t.co/hHFLAjxE7J"" ""@fulloanime Bro you killed it with this video!!! Probably the best #iphonex video I've watched on #YouTube . Can we\xe2\x80\xa6 https://t.co/mOd89JNF1y""",1
Tweet," 'Looking at this photo closer, notice the face icon at the bottom where the fingerprint icon usually is.. Face ID li\xe2\x80\xa6 https://t.co/W4nmXfsJAQ'",1
Reply," 'Looking at this photo closer, notice the face icon at the bottom where the fingerprint icon usually is.. Face ID li\xe2\x80\xa6 https://t.co/W4nmXfsJAQ' ""@OnePlusReport This feature is in my Moto G3.. it's default android feature. But I hope #OnePlus5T comes with\xe2\x80\xa6 https://t.co/zpmAFWpoRU""",-1
Tweet, 'In 15 min new Giveaway \xf0\x9f\x8e\x81',1
Reply, 'In 15 min new Giveaway \xf0\x9f\x8e\x81' '@iphone8_iphonex #IphoneX',1
Tweet, '@the__diplomat https://t.co/tYuNUCvPxO',1
Reply, '@the__diplomat https://t.co/tYuNUCvPxO' '@CarlosRH85 El #iPhoneX es la mejor herramienta disponible!! \xf0\x9f\x98\xae',1
Reply," '@the__diplomat https://t.co/tYuNUCvPxO' '@CarlosRH85 El #iPhoneX es la mejor herramienta disponible!! \xf0\x9f\x98\xae' 'Ava\xe2\x80\x99s hair was rockin\xe2\x80\x99 tonight. On a geeky note, not impressed by the forward facing camera on the #iphonex in thi\xe2\x80\xa6\xe2\x80\xa6 https://t.co/DXiQq18SUX'",1
Reply," '@the__diplomat https://t.co/tYuNUCvPxO' '@CarlosRH85 El #iPhoneX es la mejor herramienta disponible!! \xf0\x9f\x98\xae' 'Ava\xe2\x80\x99s hair was rockin\xe2\x80\x99 tonight. On a geeky note, not impressed by the forward facing camera on the #iphonex in thi\xe2\x80\xa6\xe2\x80\xa6 https://t.co/DXiQq18SUX' 'RT @NRGgg: #OverwatchSF Epic #iPhoneX #Giveaway\n-Tag Your Friends\n-RT, Like &amp; Follow @OverwatchSF\nClick Here: https://t.co/eqqywj9bF4 https\xe2\x80\xa6'",1
Tweet, 'If you havent clicked and participated then this could be your last chance. We are only few days away to closing th\xe2\x80\xa6 https://t.co/caQSI3aiqc',1
Reply, 'If you havent clicked and participated then this could be your last chance. We are only few days away to closing th\xe2\x80\xa6 https://t.co/caQSI3aiqc' '@Oasis_Tiles Done team. Already participated . Hope to win\n#HouseFullOfDreams #VibrantCeramics #IPhoneX\xe2\x80\xa6 https://t.co/rCUsDTmrlH',1
Reply," 'If you havent clicked and participated then this could be your last chance. We are only few days away to closing th\xe2\x80\xa6 https://t.co/caQSI3aiqc' '@Oasis_Tiles Done team. Already participated . Hope to win\n#HouseFullOfDreams #VibrantCeramics #IPhoneX\xe2\x80\xa6 https://t.co/rCUsDTmrlH' 'Ava\xe2\x80\x99s hair was rockin\xe2\x80\x99 tonight. On a geeky note, not impressed by the forward facing camera on the #iphonex in thi\xe2\x80\xa6\xe2\x80\xa6 https://t.co/DXiQq18SUX'",1
Reply," 'If you havent clicked and participated then this could be your last chance. We are only few days away to closing th\xe2\x80\xa6 https://t.co/caQSI3aiqc' '@Oasis_Tiles Done team. Already participated . Hope to win\n#HouseFullOfDreams #VibrantCeramics #IPhoneX\xe2\x80\xa6 https://t.co/rCUsDTmrlH' 'Ava\xe2\x80\x99s hair was rockin\xe2\x80\x99 tonight. On a geeky note, not impressed by the forward facing camera on the #iphonex in thi\xe2\x80\xa6\xe2\x80\xa6 https://t.co/DXiQq18SUX' 'RT @NRGgg: #OverwatchSF Epic #iPhoneX #Giveaway\n-Tag Your Friends\n-RT, Like &amp; Follow @OverwatchSF\nClick Here: https://t.co/eqqywj9bF4 https\xe2\x80\xa6'",1
Reply," 'If you havent clicked and participated then this could be your last chance. We are only few days away to closing th\xe2\x80\xa6 https://t.co/caQSI3aiqc' '@Oasis_Tiles Done team. Already participated . Hope to win\n#HouseFullOfDreams #VibrantCeramics #IPhoneX\xe2\x80\xa6 https://t.co/rCUsDTmrlH' 'Ava\xe2\x80\x99s hair was rockin\xe2\x80\x99 tonight. On a geeky note, not impressed by the forward facing camera on the #iphonex in thi\xe2\x80\xa6\xe2\x80\xa6 https://t.co/DXiQq18SUX' 'RT @NRGgg: #OverwatchSF Epic #iPhoneX #Giveaway\n-Tag Your Friends\n-RT, Like &amp; Follow @OverwatchSF\nClick Here: https://t.co/eqqywj9bF4 https\xe2\x80\xa6' 'RT @winitonline: FOLLOW @PrizeSquad &amp; RETWEET TO #WIN THIS @Apple iPhone X, 256GB. #GIVEAWAY Ends: 24/11/17 #COMPETITION #iPhoneX https://t\xe2\x80\xa6'",1
Reply," 'If you havent clicked and participated then this could be your last chance. We are only few days away to closing th\xe2\x80\xa6 https://t.co/caQSI3aiqc' '@Oasis_Tiles Done team. Already participated . Hope to win\n#HouseFullOfDreams #VibrantCeramics #IPhoneX\xe2\x80\xa6 https://t.co/rCUsDTmrlH' 'Ava\xe2\x80\x99s hair was rockin\xe2\x80\x99 tonight. On a geeky note, not impressed by the forward facing camera on the #iphonex in thi\xe2\x80\xa6\xe2\x80\xa6 https://t.co/DXiQq18SUX' 'RT @NRGgg: #OverwatchSF Epic #iPhoneX #Giveaway\n-Tag Your Friends\n-RT, Like &amp; Follow @OverwatchSF\nClick Here: https://t.co/eqqywj9bF4 https\xe2\x80\xa6' 'RT @winitonline: FOLLOW @PrizeSquad &amp; RETWEET TO #WIN THIS @Apple iPhone X, 256GB. #GIVEAWAY Ends: 24/11/17 #COMPETITION #iPhoneX https://t\xe2\x80\xa6' 'RT @ronnyvlog: #AnimojiKaraoke #iphonex https://t.co/fT9NDwWZlL'",1
Reply," 'If you havent clicked and participated then this could be your last chance. We are only few days away to closing th\xe2\x80\xa6 https://t.co/caQSI3aiqc' '@Oasis_Tiles Done team. Already participated . Hope to win\n#HouseFullOfDreams #VibrantCeramics #IPhoneX\xe2\x80\xa6 https://t.co/rCUsDTmrlH' 'Ava\xe2\x80\x99s hair was rockin\xe2\x80\x99 tonight. On a geeky note, not impressed by the forward facing camera on the #iphonex in thi\xe2\x80\xa6\xe2\x80\xa6 https://t.co/DXiQq18SUX' 'RT @NRGgg: #OverwatchSF Epic #iPhoneX #Giveaway\n-Tag Your Friends\n-RT, Like &amp; Follow @OverwatchSF\nClick Here: https://t.co/eqqywj9bF4 https\xe2\x80\xa6' 'RT @winitonline: FOLLOW @PrizeSquad &amp; RETWEET TO #WIN THIS @Apple iPhone X, 256GB. #GIVEAWAY Ends: 24/11/17 #COMPETITION #iPhoneX https://t\xe2\x80\xa6' 'RT @ronnyvlog: #AnimojiKaraoke #iphonex https://t.co/fT9NDwWZlL' 'RT @Present_RT_FR: \xe3\x80\x90iPhoneX \xe7\x99\xba\xe5\xa3\xb2\xe3\x82\xad\xe3\x83\xa3\xe3\x83\xb3\xe3\x83\x9a\xe3\x83\xbc\xe3\x83\xb3\xe2\x9d\x97\xef\xb8\x8f\xe3\x80\x91\n\xe3\x80\x90Apple iPhone X\xe3\x80\x91\n\xe3\x81\x8c1\xe5\x90\x8d\xe6\xa7\x98\xe3\x81\xab\xe6\x8a\xbd\xe9\x81\xb8\xe3\x81\xa7\xe5\xbd\x93\xe3\x81\x9f\xe3\x82\x8b\xef\xbc\x81\n\xe3\x80\x90\xe5\xbf\x9c\xe5\x8b\x9f\xe6\x96\xb9\xe6\xb3\x95\xe3\x80\x91\n\xe3\x83\x95\xe3\x82\xa9\xe3\x83\xad\xe3\x83\xbc\xe2\x9e\xa1\xef\xb8\x8e\xe3\x83\xaa\xe3\x83\x84\xe3\x82\xa4\xe3\x83\xbc\xe3\x83\x88\xe2\x9e\xa1\xef\xb8\x8e\xe7\xb5\x90\xe6\x9e\x9c\xe7\x99\xba\xe8\xa1\xa8\n\xe2\x80\xbb\xe6\x9c\x9f\xe9\x99\x9012\xe6\x9c\x881\xe6\x97\xa5\n#\xe3\x83\x97\xe3\x83\xac\xe3\x82\xbc\xe3\x83\xb3\xe3\x83\x88\xe4\xbc\x81\xe7\x94\xbb #\xe6\x87\xb8\xe8\xb3\x9e #Apple\n#iPhoneX https:\xe2\x80\xa6'",1
Reply," 'If you havent clicked and participated then this could be your last chance. We are only few days away to closing th\xe2\x80\xa6 https://t.co/caQSI3aiqc' '@Oasis_Tiles Done team. Already participated . Hope to win\n#HouseFullOfDreams #VibrantCeramics #IPhoneX\xe2\x80\xa6 https://t.co/rCUsDTmrlH' 'Ava\xe2\x80\x99s hair was rockin\xe2\x80\x99 tonight. On a geeky note, not impressed by the forward facing camera on the #iphonex in thi\xe2\x80\xa6\xe2\x80\xa6 https://t.co/DXiQq18SUX' 'RT @NRGgg: #OverwatchSF Epic #iPhoneX #Giveaway\n-Tag Your Friends\n-RT, Like &amp; Follow @OverwatchSF\nClick Here: https://t.co/eqqywj9bF4 https\xe2\x80\xa6' 'RT @winitonline: FOLLOW @PrizeSquad &amp; RETWEET TO #WIN THIS @Apple iPhone X, 256GB. #GIVEAWAY Ends: 24/11/17 #COMPETITION #iPhoneX https://t\xe2\x80\xa6' 'RT @ronnyvlog: #AnimojiKaraoke #iphonex https://t.co/fT9NDwWZlL' 'RT @Present_RT_FR: \xe3\x80\x90iPhoneX \xe7\x99\xba\xe5\xa3\xb2\xe3\x82\xad\xe3\x83\xa3\xe3\x83\xb3\xe3\x83\x9a\xe3\x83\xbc\xe3\x83\xb3\xe2\x9d\x97\xef\xb8\x8f\xe3\x80\x91\n\xe3\x80\x90Apple iPhone X\xe3\x80\x91\n\xe3\x81\x8c1\xe5\x90\x8d\xe6\xa7\x98\xe3\x81\xab\xe6\x8a\xbd\xe9\x81\xb8\xe3\x81\xa7\xe5\xbd\x93\xe3\x81\x9f\xe3\x82\x8b\xef\xbc\x81\n\xe3\x80\x90\xe5\xbf\x9c\xe5\x8b\x9f\xe6\x96\xb9\xe6\xb3\x95\xe3\x80\x91\n\xe3\x83\x95\xe3\x82\xa9\xe3\x83\xad\xe3\x83\xbc\xe2\x9e\xa1\xef\xb8\x8e\xe3\x83\xaa\xe3\x83\x84\xe3\x82\xa4\xe3\x83\xbc\xe3\x83\x88\xe2\x9e\xa1\xef\xb8\x8e\xe7\xb5\x90\xe6\x9e\x9c\xe7\x99\xba\xe8\xa1\xa8\n\xe2\x80\xbb\xe6\x9c\x9f\xe9\x99\x9012\xe6\x9c\x881\xe6\x97\xa5\n#\xe3\x83\x97\xe3\x83\xac\xe3\x82\xbc\xe3\x83\xb3\xe3\x83\x88\xe4\xbc\x81\xe7\x94\xbb #\xe6\x87\xb8\xe8\xb3\x9e #Apple\n#iPhoneX https:\xe2\x80\xa6' 'RT @Gargeth: Enter This #iPhoneX, Logitech Keyboard/Mouse, and #Overwatch Loot Boxes #Giveaway! https://t.co/GBszYwKwCX'",1
Reply," 'If you havent clicked and participated then this could be your last chance. We are only few days away to closing th\xe2\x80\xa6 https://t.co/caQSI3aiqc' '@Oasis_Tiles Done team. Already participated . Hope to win\n#HouseFullOfDreams #VibrantCeramics #IPhoneX\xe2\x80\xa6 https://t.co/rCUsDTmrlH' 'Ava\xe2\x80\x99s hair was rockin\xe2\x80\x99 tonight. On a geeky note, not impressed by the forward facing camera on the #iphonex in thi\xe2\x80\xa6\xe2\x80\xa6 https://t.co/DXiQq18SUX' 'RT @NRGgg: #OverwatchSF Epic #iPhoneX #Giveaway\n-Tag Your Friends\n-RT, Like &amp; Follow @OverwatchSF\nClick Here: https://t.co/eqqywj9bF4 https\xe2\x80\xa6' 'RT @winitonline: FOLLOW @PrizeSquad &amp; RETWEET TO #WIN THIS @Apple iPhone X, 256GB. #GIVEAWAY Ends: 24/11/17 #COMPETITION #iPhoneX https://t\xe2\x80\xa6' 'RT @ronnyvlog: #AnimojiKaraoke #iphonex https://t.co/fT9NDwWZlL' 'RT @Present_RT_FR: \xe3\x80\x90iPhoneX \xe7\x99\xba\xe5\xa3\xb2\xe3\x82\xad\xe3\x83\xa3\xe3\x83\xb3\xe3\x83\x9a\xe3\x83\xbc\xe3\x83\xb3\xe2\x9d\x97\xef\xb8\x8f\xe3\x80\x91\n\xe3\x80\x90Apple iPhone X\xe3\x80\x91\n\xe3\x81\x8c1\xe5\x90\x8d\xe6\xa7\x98\xe3\x81\xab\xe6\x8a\xbd\xe9\x81\xb8\xe3\x81\xa7\xe5\xbd\x93\xe3\x81\x9f\xe3\x82\x8b\xef\xbc\x81\n\xe3\x80\x90\xe5\xbf\x9c\xe5\x8b\x9f\xe6\x96\xb9\xe6\xb3\x95\xe3\x80\x91\n\xe3\x83\x95\xe3\x82\xa9\xe3\x83\xad\xe3\x83\xbc\xe2\x9e\xa1\xef\xb8\x8e\xe3\x83\xaa\xe3\x83\x84\xe3\x82\xa4\xe3\x83\xbc\xe3\x83\x88\xe2\x9e\xa1\xef\xb8\x8e\xe7\xb5\x90\xe6\x9e\x9c\xe7\x99\xba\xe8\xa1\xa8\n\xe2\x80\xbb\xe6\x9c\x9f\xe9\x99\x9012\xe6\x9c\x881\xe6\x97\xa5\n#\xe3\x83\x97\xe3\x83\xac\xe3\x82\xbc\xe3\x83\xb3\xe3\x83\x88\xe4\xbc\x81\xe7\x94\xbb #\xe6\x87\xb8\xe8\xb3\x9e #Apple\n#iPhoneX https:\xe2\x80\xa6' 'RT @Gargeth: Enter This #iPhoneX, Logitech Keyboard/Mouse, and #Overwatch Loot Boxes #Giveaway! https://t.co/GBszYwKwCX' 'Got to play with an #iPhoneX. \nVery intuitive. \nWorked just like my #Galaxy6'",1
Reply," 'If you havent clicked and participated then this could be your last chance. We are only few days away to closing th\xe2\x80\xa6 https://t.co/caQSI3aiqc' '@Oasis_Tiles Done team. Already participated . Hope to win\n#HouseFullOfDreams #VibrantCeramics #IPhoneX\xe2\x80\xa6 https://t.co/rCUsDTmrlH' 'Ava\xe2\x80\x99s hair was rockin\xe2\x80\x99 tonight. On a geeky note, not impressed by the forward facing camera on the #iphonex in thi\xe2\x80\xa6\xe2\x80\xa6 https://t.co/DXiQq18SUX' 'RT @NRGgg: #OverwatchSF Epic #iPhoneX #Giveaway\n-Tag Your Friends\n-RT, Like &amp; Follow @OverwatchSF\nClick Here: https://t.co/eqqywj9bF4 https\xe2\x80\xa6' 'RT @winitonline: FOLLOW @PrizeSquad &amp; RETWEET TO #WIN THIS @Apple iPhone X, 256GB. #GIVEAWAY Ends: 24/11/17 #COMPETITION #iPhoneX https://t\xe2\x80\xa6' 'RT @ronnyvlog: #AnimojiKaraoke #iphonex https://t.co/fT9NDwWZlL' 'RT @Present_RT_FR: \xe3\x80\x90iPhoneX \xe7\x99\xba\xe5\xa3\xb2\xe3\x82\xad\xe3\x83\xa3\xe3\x83\xb3\xe3\x83\x9a\xe3\x83\xbc\xe3\x83\xb3\xe2\x9d\x97\xef\xb8\x8f\xe3\x80\x91\n\xe3\x80\x90Apple iPhone X\xe3\x80\x91\n\xe3\x81\x8c1\xe5\x90\x8d\xe6\xa7\x98\xe3\x81\xab\xe6\x8a\xbd\xe9\x81\xb8\xe3\x81\xa7\xe5\xbd\x93\xe3\x81\x9f\xe3\x82\x8b\xef\xbc\x81\n\xe3\x80\x90\xe5\xbf\x9c\xe5\x8b\x9f\xe6\x96\xb9\xe6\xb3\x95\xe3\x80\x91\n\xe3\x83\x95\xe3\x82\xa9\xe3\x83\xad\xe3\x83\xbc\xe2\x9e\xa1\xef\xb8\x8e\xe3\x83\xaa\xe3\x83\x84\xe3\x82\xa4\xe3\x83\xbc\xe3\x83\x88\xe2\x9e\xa1\xef\xb8\x8e\xe7\xb5\x90\xe6\x9e\x9c\xe7\x99\xba\xe8\xa1\xa8\n\xe2\x80\xbb\xe6\x9c\x9f\xe9\x99\x9012\xe6\x9c\x881\xe6\x97\xa5\n#\xe3\x83\x97\xe3\x83\xac\xe3\x82\xbc\xe3\x83\xb3\xe3\x83\x88\xe4\xbc\x81\xe7\x94\xbb #\xe6\x87\xb8\xe8\xb3\x9e #Apple\n#iPhoneX https:\xe2\x80\xa6' 'RT @Gargeth: Enter This #iPhoneX, Logitech Keyboard/Mouse, and #Overwatch Loot Boxes #Giveaway! https://t.co/GBszYwKwCX' 'Got to play with an #iPhoneX. \nVery intuitive. \nWorked just like my #Galaxy6' 'RT @DashieXP: OMFG I\xe2\x80\x99m cute as FUCK!!\n#iPhoneX #AniMoji https://t.co/UiOBdsaum2'",1
Reply," 'If you havent clicked and participated then this could be your last chance. We are only few days away to closing th\xe2\x80\xa6 https://t.co/caQSI3aiqc' '@Oasis_Tiles Done team. Already participated . Hope to win\n#HouseFullOfDreams #VibrantCeramics #IPhoneX\xe2\x80\xa6 https://t.co/rCUsDTmrlH' 'Ava\xe2\x80\x99s hair was rockin\xe2\x80\x99 tonight. On a geeky note, not impressed by the forward facing camera on the #iphonex in thi\xe2\x80\xa6\xe2\x80\xa6 https://t.co/DXiQq18SUX' 'RT @NRGgg: #OverwatchSF Epic #iPhoneX #Giveaway\n-Tag Your Friends\n-RT, Like &amp; Follow @OverwatchSF\nClick Here: https://t.co/eqqywj9bF4 https\xe2\x80\xa6' 'RT @winitonline: FOLLOW @PrizeSquad &amp; RETWEET TO #WIN THIS @Apple iPhone X, 256GB. #GIVEAWAY Ends: 24/11/17 #COMPETITION #iPhoneX https://t\xe2\x80\xa6' 'RT @ronnyvlog: #AnimojiKaraoke #iphonex https://t.co/fT9NDwWZlL' 'RT @Present_RT_FR: \xe3\x80\x90iPhoneX \xe7\x99\xba\xe5\xa3\xb2\xe3\x82\xad\xe3\x83\xa3\xe3\x83\xb3\xe3\x83\x9a\xe3\x83\xbc\xe3\x83\xb3\xe2\x9d\x97\xef\xb8\x8f\xe3\x80\x91\n\xe3\x80\x90Apple iPhone X\xe3\x80\x91\n\xe3\x81\x8c1\xe5\x90\x8d\xe6\xa7\x98\xe3\x81\xab\xe6\x8a\xbd\xe9\x81\xb8\xe3\x81\xa7\xe5\xbd\x93\xe3\x81\x9f\xe3\x82\x8b\xef\xbc\x81\n\xe3\x80\x90\xe5\xbf\x9c\xe5\x8b\x9f\xe6\x96\xb9\xe6\xb3\x95\xe3\x80\x91\n\xe3\x83\x95\xe3\x82\xa9\xe3\x83\xad\xe3\x83\xbc\xe2\x9e\xa1\xef\xb8\x8e\xe3\x83\xaa\xe3\x83\x84\xe3\x82\xa4\xe3\x83\xbc\xe3\x83\x88\xe2\x9e\xa1\xef\xb8\x8e\xe7\xb5\x90\xe6\x9e\x9c\xe7\x99\xba\xe8\xa1\xa8\n\xe2\x80\xbb\xe6\x9c\x9f\xe9\x99\x9012\xe6\x9c\x881\xe6\x97\xa5\n#\xe3\x83\x97\xe3\x83\xac\xe3\x82\xbc\xe3\x83\xb3\xe3\x83\x88\xe4\xbc\x81\xe7\x94\xbb #\xe6\x87\xb8\xe8\xb3\x9e #Apple\n#iPhoneX https:\xe2\x80\xa6' 'RT @Gargeth: Enter This #iPhoneX, Logitech Keyboard/Mouse, and #Overwatch Loot Boxes #Giveaway! https://t.co/GBszYwKwCX' 'Got to play with an #iPhoneX. \nVery intuitive. \nWorked just like my #Galaxy6' 'RT @DashieXP: OMFG I\xe2\x80\x99m cute as FUCK!!\n#iPhoneX #AniMoji https://t.co/UiOBdsaum2' 'RT @baddicandii: Twitter I need 290K retweets on this tweet for brand new #iPhoneX help me please \xf0\x9f\x99\x8f https://t.co/k694Z8KlHW'",1
Reply," 'If you havent clicked and participated then this could be your last chance. We are only few days away to closing th\xe2\x80\xa6 https://t.co/caQSI3aiqc' '@Oasis_Tiles Done team. Already participated . Hope to win\n#HouseFullOfDreams #VibrantCeramics #IPhoneX\xe2\x80\xa6 https://t.co/rCUsDTmrlH' 'Ava\xe2\x80\x99s hair was rockin\xe2\x80\x99 tonight. On a geeky note, not impressed by the forward facing camera on the #iphonex in thi\xe2\x80\xa6\xe2\x80\xa6 https://t.co/DXiQq18SUX' 'RT @NRGgg: #OverwatchSF Epic #iPhoneX #Giveaway\n-Tag Your Friends\n-RT, Like &amp; Follow @OverwatchSF\nClick Here: https://t.co/eqqywj9bF4 https\xe2\x80\xa6' 'RT @winitonline: FOLLOW @PrizeSquad &amp; RETWEET TO #WIN THIS @Apple iPhone X, 256GB. #GIVEAWAY Ends: 24/11/17 #COMPETITION #iPhoneX https://t\xe2\x80\xa6' 'RT @ronnyvlog: #AnimojiKaraoke #iphonex https://t.co/fT9NDwWZlL' 'RT @Present_RT_FR: \xe3\x80\x90iPhoneX \xe7\x99\xba\xe5\xa3\xb2\xe3\x82\xad\xe3\x83\xa3\xe3\x83\xb3\xe3\x83\x9a\xe3\x83\xbc\xe3\x83\xb3\xe2\x9d\x97\xef\xb8\x8f\xe3\x80\x91\n\xe3\x80\x90Apple iPhone X\xe3\x80\x91\n\xe3\x81\x8c1\xe5\x90\x8d\xe6\xa7\x98\xe3\x81\xab\xe6\x8a\xbd\xe9\x81\xb8\xe3\x81\xa7\xe5\xbd\x93\xe3\x81\x9f\xe3\x82\x8b\xef\xbc\x81\n\xe3\x80\x90\xe5\xbf\x9c\xe5\x8b\x9f\xe6\x96\xb9\xe6\xb3\x95\xe3\x80\x91\n\xe3\x83\x95\xe3\x82\xa9\xe3\x83\xad\xe3\x83\xbc\xe2\x9e\xa1\xef\xb8\x8e\xe3\x83\xaa\xe3\x83\x84\xe3\x82\xa4\xe3\x83\xbc\xe3\x83\x88\xe2\x9e\xa1\xef\xb8\x8e\xe7\xb5\x90\xe6\x9e\x9c\xe7\x99\xba\xe8\xa1\xa8\n\xe2\x80\xbb\xe6\x9c\x9f\xe9\x99\x9012\xe6\x9c\x881\xe6\x97\xa5\n#\xe3\x83\x97\xe3\x83\xac\xe3\x82\xbc\xe3\x83\xb3\xe3\x83\x88\xe4\xbc\x81\xe7\x94\xbb #\xe6\x87\xb8\xe8\xb3\x9e #Apple\n#iPhoneX https:\xe2\x80\xa6' 'RT @Gargeth: Enter This #iPhoneX, Logitech Keyboard/Mouse, and #Overwatch Loot Boxes #Giveaway! https://t.co/GBszYwKwCX' 'Got to play with an #iPhoneX. \nVery intuitive. \nWorked just like my #Galaxy6' 'RT @DashieXP: OMFG I\xe2\x80\x99m cute as FUCK!!\n#iPhoneX #AniMoji https://t.co/UiOBdsaum2' 'RT @baddicandii: Twitter I need 290K retweets on this tweet for brand new #iPhoneX help me please \xf0\x9f\x99\x8f https://t.co/k694Z8KlHW' 'Can verify that @Apple #iPhoneX face recognition works while you are wearing a beauty face mask. #healthybeautyFTW'",1
Tweet," 'The OnePlus One has served me well for 3 years, but its untimely death has forced me to buy a new phone. The question is, what comes next?'",1
Reply," 'The OnePlus One has served me well for 3 years, but its untimely death has forced me to buy a new phone. The question is, what comes next?' '@jackfrags Check out all the iPhone haters lol #geeks #iphonex'",-1
Tweet," '@theBADDIE @Apple Directly from Apple, 2-3 weeks still! \xf0\x9f\x98\xa1'",1
Reply," '@theBADDIE @Apple Directly from Apple, 2-3 weeks still! \xf0\x9f\x98\xa1' '@iamjesscoleman @Apple That\xe2\x80\x99s the timeframe that I was quoted by them also. So I cancelled and got one through @EE,\xe2\x80\xa6 https://t.co/GCNQwB1ue0'",1
Tweet," '@PetrucelliA Hey there, Amanda! The IPhone X might be ready today! Please stay tuned! -JC'",1
Reply," '@PetrucelliA Hey there, Amanda! The IPhone X might be ready today! Please stay tuned! -JC' '@BoostCare Can\xe2\x80\x99t wait! Watching your site @boostmobile, not up yet #iphonex'",-1
Tweet, 'Never Ever Pre Book any phone @reliancejio Store or\n  @RelianceDigital iStore \nI recently booked @Apple iPhone X at\xe2\x80\xa6 https://t.co/Scz6WG3zzq',-1
Reply," 'Never Ever Pre Book any phone @reliancejio Store or\n  @RelianceDigital iStore \nI recently booked @Apple iPhone X at\xe2\x80\xa6 https://t.co/Scz6WG3zzq' ""@aatechnology_in @reliancejio @RelianceDigital @Apple True. They ain't even able to provide their own phones forget\xe2\x80\xa6 https://t.co/Hbe8ldq55E""",1
Tweet, '@reenieumansky We truly do not like to see any of our customer leave. We want to help you out and see what options\xe2\x80\xa6 https://t.co/4WXnwIVIzg',1
Reply," '@reenieumansky We truly do not like to see any of our customer leave. We want to help you out and see what options\xe2\x80\xa6 https://t.co/4WXnwIVIzg' '@VZWSupport We were on the phone with you on Thursday for over 20 minutes. Lots of \xe2\x80\x9cgee, I\xe2\x80\x99m sorry but there\xe2\x80\x99s noth\xe2\x80\xa6 https://t.co/asuVcsPc6 '",1
Tweet, 'Online now! Score big with our #OneDayOnly Member-Exclusive Savings Event. Shop online all day or in club starting\xe2\x80\xa6 https://t.co/ZYkEb55LFr',1
Reply, 'Online now! Score big with our #OneDayOnly Member-Exclusive Savings Event. Shop online all day or in club starting\xe2\x80\xa6 https://t.co/ZYkEb55LFr' '@SamsClub Well this was quite a disappointment #iphoneX',-1
